Total_position,Total_company,Salary_per_month
客服专员,杭州跟屁虫影视有限公司,4500.0
高薪诚聘 色彩设计师（主案设计师培养方向）,杭州北斗星色彩研究有限公司,10000.0
客户执行AE,杭州邦胜广告有限公司,4000.0
文案策划（五险一金+年终奖）,杭州微梦广告有限公司,3000.0
办公室文员,上海优歌文化传播有限公司杭州分公司,3800.0
转行销售无责4000+师傅带教+提成高+晋升快,杭州华邦房地产代理有限公司,6000.0
大型古装戏开机聘跟组演员及全职各大助理,兴茂文化传媒有限公司,6000.0
中小学数学老师,长兴苏湖文化传播有限公司,4000.0
实习生4000底薪+高提成+协助住宿+五险一金+快速晋升,杭州华邦房地产代理有限公司,6000.0
高级客户经理,浙江宸颐健康管理有限公司,4500.0
平面设计师,保翼文化艺术发展有限公司,3000.0
实习生,杭州教你文化策划有限公司,2000.0
（急聘、五险）活动策划,杭州伊兰营销策划有限公司,4500.0
医身项目  内容运营,浙江合力传美文化传媒股份有限公司,6000.0
课程顾问,杭州横越科技有限责任公司,5000.0
主播运营专员,杭州战鱼文化传播有限公司,3000.0
文案策划,杭州共联文化创意有限公司,4000.0
销售实习生,东方福利网,6000.0
户外广告客户执行（应届毕业生）,杭州之江国际广告有限公司,3000.0
电话客服专员 缴纳五险,杭州熙龙文化创意有限公司,4500.0
国际会展招展实习生（正式员工储备-底薪+提成+双休）,杭州嘉诺展览有限公司,2000.0
行政人事（杭州）,北京华兴汇河文化交流有限公司,3100.0
门店前台,汪正影业国际儿童摄影,2200.0
广告媒体销售员,上海精视文化传播有限公司,15000.0
国际会展销售代表（出国机会+五险一金）,杭州良拓会展有限公司,5000.0
销售月薪过万 提供住宿 透明晋升 五险一金,杭州华邦房地产代理有限公司,8000.0
（实习生）最young团队-销售代表3700起+社保,杭州益计算科技有限公司,6000.0
美工学徒0基础可带+补助双休,杭州淘理网络科技有限公司,4500.0
编导,浙江博顿影视文化有限公司,3000.0
前台接待（前台咨询顾问）,杭州墨彩教育信息咨询有限公司,4500.0
销售代表（8K+五险一金+包住）,杭州慕义贸易有限公司,8000.0
诚聘电话销售/销售代表/商务顾问,杭州海猫信息技术有限公司,6000.0
人事专员,杭州盛世传奇标识系统有限公司,4500.0
平面设计实习生,杭州若拙文化艺术有限公司,2000.0
房地产渠道专员,杭州鸿道房地产营销策划有限公司,4500.0
西湖数据专员+五险y,杭州华元广告策划有限公司,3333.333333333333
新媒体专员,杭州捷登控股有限公司,2000.0
面包车司机,杭州海瑞广告设计有限公司,4500.0
诚聘网络销售（挑战高薪酬待遇）,杭州凌平科技有限公司,10000.0
课程顾问,杭州富趣艺术培训有限公司,2000.0
墙绘学徒,杭州青石墙绘有限公司,6000.0
市场营销专员,杭州麦扑文化创意有限公司,4500.0
AE客户执行,杭州正东广告有限公司,6000.0
平面设计助理,杭州智研堂广告有限公司,4000.0
后期制作 实习生,杭州云瀚展览工程有限公司,2000.0
业务专员及储备主管,上海富百群贸易有限公司,8000.0
行政前台,浙江木玩世家玩具有限公司,3000.0
人力资源助理,南派泛娱有限公司,4500.0
移动互联网商务销售,杭州乐赢网络科技有限公司,8000.0
嵌入式软件工程师（余杭）,杭州热浪工业产品设计有限公司,8000.0
结构设计实习生,公司名,0
客服专员,杭州腾赢工业设计有限公司,3000.0
澳洲打工度假签证名额现已开放 名额有限 先到先得,杭州雨晨文化策划有限公司,3000.0
文案、AE实习生，应届毕业生,青岛中优德惠文化交流咨询有限公司,8000.0
U连锁便利店招营业员可实习,杭州远创房地产咨询有限公司,2000.0
应届毕业生（杭州）,杭州华元广告策划有限公司,4000.0
高薪招情趣私房内衣模特,浙江艺眸文化传媒有限公司,3000.0
招聘：影视后期制作/平面设计助理,杭州市下城区康酷摄影工作室,15000.0
西西弗书店-咖啡师（杭州临平银泰城店）,北京巨擘广告制作有限公司,6000.0
前台接待文员,重庆西西弗文化传播有限公司,3500.0
影视后期实习生,杭州博艺智联广告有限公司,3000.0
影院票房、卖品、场务,杭州米赞文化创意有限公司,2000.0
漫画主笔,中影影院投资有限公司,2800.0
业务助理,北京蓝海龙文化传播有限公司,8000.0
活动执行,杭州新石器创意机构,3000.0
安装工,杭州小童星儿童艺术策划有限公司,3000.0
西湖区密室NPC,杭州盛氏广告有限公司,3000.0
总经理助理/总经办助理/文秘/助理,杭州叉乘文化创意有限公司,5000.0
行政前台,杭州爱来屋电子商务有限公司,4000.0
西湖区西溪银泰店 美术助教老师,杭州布恩儿童摄影有限公司,3000.0
网站编辑实习生,杭州加百列文化创意有限公司,3000.0
多媒体技术人员,杭州品觉数字科技有限公司,2000.0
5000底薪招聘星探,风雅颂扬文化传播集团（杭州）有限...,4500.0
平面设计实习生,杭州艺歌文化传媒有限公司,5000.0
实习生（新媒体+专业培训+多元发展+旅游+地铁口）,杭州琢玉堂品牌设计事务所,1500.0
客服服务专员,杭州任性网络技术有限公司,3000.0
创意文案策划,杭州金夫人摄影服务有限公司,5000.0
市场专员,杭州子卯文化创意有限公司,5000.0
淘宝直播主播,长沙柏蓉文化咨询有限公司广州分公司,5000.0
影城服务员,杭州如懿文化创意有限公司,5000.0
行政前台,北京唐阁影院投资管理有限公司,2000.0
招生/课程顾问底薪3500元+1000元绩效+高提成,浙江中建网络科技股份有限公司,2000.0
软装设计助理,杭州轩捷文化传播有限公司,8000.0
杭州喜乐旅行社诚招同业销售精英,杭州源钰室内设计有限公司,3000.0
电话销售,杭州顺安会展有限公司,4500.0
内容编辑,杭州凡诺商务咨询有限公司,6000.0
客服专员,开始吧,6000.0
策划助理,尼尔森网联媒介数据服务有限公司北...,3500.0
网红运营专员,杭州诺鼎房地产策划有限公司,6000.0
娱乐主播,成都华星兄弟文化传媒有限公司,8000.0
微信公众号运营,杭州金海岸文化发展股份有限公司,12500.0
运营助理,浙江盈科万勤通信技术有限公司,4000.0
同声翻译专员（无需经验）,浙江自贸区中宝金融数据处理服务外...,3000.0
总经理助理,杭州蒙汉实业有限公司,3000.0
总经理助理,杭州雅尼文化艺术策划有限公司,4000.0
客服专员,杭州漫禾科技有限公司,3000.0
广告销售,杭州嗨趣网络科技有限公司,3000.0
学工处辅导员,众趣传媒,5000.0
新媒体市场专员,杭州君岭艺术培训有限公司,3000.0
实习设计,杭州异想文化传媒有限公司,6000.0
新媒体采编,浙江本末文化传播有限公司,1500.0
（五险一金+绩效奖金+弹性工作+住宿）杭剧演员,公司名,0
会务接待（机场）,浙江云通文化发展有限公司,4000.0
绘图艺术员,杭州滑稽艺术剧院演艺有限公司,3000.0
体育赛事营销,深圳特发商务有限公司,3000.0
游戏主播（绝地求生）,杭州南湾科技有限公司,3000.0
院校合作实习生,南京极致体育发展有限公司,4000.0
招商专员（实习生）,葫芦岛市泰合时代文化传媒有限公司,2000.0
淘宝售后（临平）,杭州首选教育发展有限公司,1500.0
（实习）3D舞美设计师,杭州众想品牌管理有限公司,3000.0
智威数据 项目运营专员（应届生可）,杭州纸箱哥文化传播有限公司,2500.0
签约演员.模特.歌手（宣传推广）,杭州三才文化策划有限公司,4500.0
客服专员,杭州智威创造数据科技有限公司,4000.0
运营客服,北京龙族星工厂娱乐有限公司,6666.666666666666
管理培训生,杭州蓝蛙科技有限公司,5000.0
文案策划实习生,杭州掌读科技有限公司,4000.0
舆情监测（新媒体方向）,杭州多艺科技有限公司,2500.0
中交财富大厦项目置业顾问,杭州火石品牌策划有限公司,3000.0
出纳,杭州通明文化传媒有限公司,3000.0
销售代表,杭州互腾广告有限公司,15000.0
行政助理/提供转正/你肯学，我肯教,北京宝袋电子商务股份有限公司杭州...,3000.0
网络主播,杭州华铮会展服务有限公司,10000.0
出纳兼财务助理,北京好易装网络科技有限公司杭州分...,3000.0
网络小说作者,上海歌尧文化传媒有限公司,15000.0
客服经理、专员,杭州影泰文化创意有限公司,3000.0
助教/幼教/表演老师,温州红鲤鱼文学传媒有限公司,2000.0
业务销售,杭州原谷网络科技有限公司,3000.0
新媒体运营实习生,浙江天映影视传媒有限公司,3000.0
境外展会业务员,广州汤臣杰逊网络科技有限公司,6000.0
平面设计师,浙江睿众文化传播有限公司,2000.0
业务专员,杭州翼拓展览有限公司,3000.0
商务助理,杭州刻度标识设计制作有限公司,3000.0
文案策划,浙江马丁品牌管理有限公司,6000.0
渠道销售专员,杭州海福视频技术有限公司,3000.0
销售专员,杭州储秀网络科技股份有限公司,3000.0
急招房产渠道专员,杭州固安数码电子有限公司,5000.0
跨境电商平台美工,浙江中安文化传媒有限公司杭州分公司,3000.0
网络主播,杭州华榕道科技有限公司,3000.0
活动策划助理（实习生）,杭州子吾品牌策划有限公司,3000.0
电话销售,杭州东视科技有限公司,10000.0
淘宝主播助理,杭州墨北文化创意有限公司,3000.0
腾讯广告合伙人,杭州扒零猴文化创意有限公司,3000.0
开票会计/开票文员,杭州品晟装饰有限公司,4500.0
牛通社品牌运营实习生,聊城市黄金源商贸有限公司,20000.0
市场专员,好易购家庭购物有限公司,3000.0
工业设计师（实习生）,浙江《青年时报》社,0
腾讯大浙网 编辑运营/各频道编辑运营（实习生）,杭州善乐教育咨询有限公司,4500.0
投资管理部实习生,杭州驰野工业产品设计有限公司,2500.0
内勤,腾讯・大浙网,0
前台,华数数字电视传媒集团有限公司,0
媒介助理,杭州孟建平图书有限公司,4000.0
采购助理,杭州黑格子文化创意有限公司,3000.0
渠道实习/店长助理实习,公司名,0
市场销售助理,北京西柚传媒科技有限公司杭州办事处,3500.0
（新能源）电子商务部销售-应届生,杭州樽品文化创意有限公司,4000.0
医学编辑,西泠印社集团有限公司,2000.0
高薪急聘数名,浙江竹石文化传媒有限公司,3000.0
SEM助理优化师 （近江地铁站附近）,杭州中工科技有限公司,2000.0
公关文秘,《预防医学》编辑部,4500.0
建筑效果图学员,湖北大黄蜂网络科技股份有限公司,0
儿童摄影引导/引导师/逗乐师/逗乐姐姐,杭州峰澜信息科技有限公司,3000.0
HR招聘专员,杭州天择文化交流有限公司,6000.0
服务员,杭州市拱墅区丝域图文设计工作室,1000.0
网络主播,杭州至上宝贝儿童摄影,6000.0
淘宝直播美妆达人、潮搭达人招募,杭州讯升企业管理咨询有限公司,3000.0
房地产置业顾问,杭州谷雨网络科技有限公司,3000.0
古装剧招贤纳士诚聘演员化妆摄影导演助理,深圳市聚娇文化传播有限公司,3000.0
高薪诚聘销售精英+双休八小时+高提成,杭州昂扬传媒有限公司,0
会展执行,上海宝劲房地产经纪有限公司,4500.0
少儿STEAM科学实验培训讲师,北京巨擘广告制作有限公司,6000.0
网拍模特直招日结男女不限,杭州奥创网络科技有限公司,5000.0
巨作诚聘演员艺人（可签约培训）,杭州先秦传媒有限公司,4500.0
销售经理（应届毕业生）,宁波海曙苏西文化传播有限公司,5000.0
摄影后期,杭州百闻文化传媒有限公司,0
地推星探,深圳市艺赋文化传媒有限公司,4500.0
销售助理（双休 朝九晚六）,杭州卡赛科技有限公司,4500.0
广告运营实习生,杭州乐派文化创意有限公司,3000.0
网络主播,杭州迪蔻文化传媒有限公司,5000.0
银行渠道客服,杭州博觉广告策划有限公司,4000.0
产品市场运营,杭州育享电子商务有限公司,3000.0
电话销售,杭州三熊文化传媒有限公司,4500.0
主播,杭州铭伦广告有限公司,3000.0
艺术经纪人,浙江周天影视传媒有限公司,4500.0
给排水工程师,汇道体育科技（杭州）有限公司,6000.0
话务员/电话销售/客服(月薪过万）,浙江睿墨文化传媒有限公司,10000.0
文案策划,杭州融艺新书画艺术发展有限公司,3000.0
实习外贸业务员,杭州水秀文化创意发展有限公司,6000.0
销售,杭州来聚网络科技有限公司,3000.0
英语教材研发+双休+五险一金+前景大,杭州微鲸文化创意有限公司,2900.0
设计师助理,杭州美新信息技术有限公司,3000.0
前台行政,厦门从众互动文化传播有限公司,7000.0
展览3DMAX实习设计师,杭州腾通企业管理咨询有限公司,6000.0
电话外呼专席（五险一金+双休）,瓷游记（杭州）文化传播有限责任公司,3000.0
ktv收银员包吃住月入4500左右,杭州东书教育咨询有限公司,3000.0
销售精英储备干部（4000底薪+提成奖金）,杭州浙屹展览展示有限公司,2000.0
招化妆美甲学徒+提供住宿,北京中公教育科技股份有限公司,4000.0
销售代表/销售助理,杭州唯秀娱乐管理有限公司,4500.0
课程顾问,杭州四为信息技术有限公司,10000.0
人事助理,杭州摩可文化创意有限公司,3000.0
新媒体运营专员,杭州磐景智造文化创意有限公司,5000.0
新媒体储备人才,建德市小新星英语培训学校,6666.666666666666
行政专员,凤翮正道文化发展有限公司,3500.0
市场专员,杭州索星文化创意有限公司,4000.0
媒体广告销售（应届生）,公司名,0
财务出纳,北京备胎说车科技有限公司杭州分公司,4000.0
前台,杭州新麦科技有限公司,3500.0
房地产渠道专员/大客户经理/外拓,杭州孩事儿教育科技有限公司,3000.0
渠道运营,分众传媒,6000.0
电话销售（周末双休，不加班）,浙江和声广告有限公司,4500.0
实习文案,杭州蓝鲸文化传媒有限公司,3000.0
电商运营专员,杭州合创房地产营销策划有限公司,4500.0
BD业务销售专员,浙江天下网商网络传媒有限公司,7000.0
法务,浙江语晨文化传媒有限公司,3000.0
项目助理（酒店）,浙江华坤道威数据科技有限公司,2000.0
淘宝天猫网店客服,浙江米奥兰特商务会展股份有限公司,5000.0
人事专员,杭州支鑫广告策划有限公司,8000.0
网管,杭州景行知识产权代理有限公司,3000.0
出纳,坐望文化集团,3500.0
耽美责编,杭州坤聚泽服饰有限公司,4500.0
编辑,杭州晨羽信息技术有限公司,4500.0
销售实习生,杭州广桥集客网络技术有限公司,4000.0
渠道专员,美盛文化创意股份有限公司,3500.0
财务会计专员,杭州樱熊网络科技有限公司,4000.0
高薪诚聘广告业务员实习生,浙江中汽会展有限公司,5000.0
市场督导,杭州艾客思飞科技有限公司,5000.0
喷绘操作工,杭州腾果网络科技有限公司,3000.0
出纳员,杭州泰一指尚科技有限公司,4000.0
光学研发工程师,杭州腾云广告有限公司,3000.0
办公室文员,杭州大弧度商务咨询有限公司,6000.0
情感顾问,杭州浙联数码喷绘有限公司,4500.0
市场运营实习生,浙江电视台《悠游天下》栏目组,3000.0
工业设计师,黑龙江翰迪会展服务有限责任公司,15000.0
实习生,杭州醉蝶文化创意有限公司,4000.0
文案策划实习生（互联网方向）,浙江感爱文化传媒股份有限公司,4000.0
图文学徒工普工（包食宿）,杭州传奇泰丽电影院有限公司,2000.0
销售（双休+高提成）,温州无料文化传媒有限公司,3000.0
行政助理兼前台,杭州亿邦广告策划有限公司,2000.0
市场专员,杭州邑趣广告有限公司,3000.0
前台接待,杭州之江度假区恒美图文设计工作室,3000.0
文员助理,杭州廷邦文化创意有限公司,8000.0
伊黛希美妆招新娘化妆学徒,杭州大略广告有限公司,3000.0
淘宝直播主持人,浙江火神文化传播股份有限公司,8000.0
汽车自媒体运营活动策划经理,杭州画佳教育咨询有限公司,2000.0
游戏泛娱乐栏目策划,杭州禾智文化创意有限公司,3000.0
实习生,杭州伊黛希文化创意有限公司,3000.0
诚聘销售代表/业务员/网络销售专员/销售顾问,杭州依锦广告策划有限公司,10000.0
急聘摄影助理,湖州爱油广告有限公司,4000.0
视觉设计师,杭州纳视文化创意有限公司,4000.0
早教老师,校园小记者（杭州）教育科技有限公司,2200.0
行政助理/前台,杭州奥彩装饰设计有限公司,4000.0
人事助理,杭州众炎文化创意有限公司,2500.0
诚招浙大森林酒店式公寓置业顾问（一手代理）,浙江东盛辰光影视有限公司,6000.0
影城服务员,杭州柚子树教育咨询有限公司,4500.0
漫画主笔,浙江文泓地产营销代理有限公司,3000.0
仓库助理 仓库管理员 打单员 发货员,公司名,0
普工/技工（LED显示屏技术）,杭州彼颜文化创意有限公司,3000.0
文案策划,杭州大音广告有限公司,4500.0
客服助理,浙江莉莉和哈儿影业有限公司,2800.0
文案编辑,杭州崇卓科技有限公司,7000.0
高薪招广告安装学徒,杭州原矩动漫设计有限公司,4500.0
出纳,杭州巴科光电科技有限公司,3500.0
平面设计实习生,浙江星川文化创意有限公司,4000.0
教育机构诚聘前台工作人员,杭州云梯科技有限公司,3000.0
制片文员,杭州正雅文化艺术有限公司,5000.0
瓜藕网-区域负责人,杭州艺满堂广告有限公司,4000.0
创意文案、策划编剧,杭州福莱气模制品有限公司,3000.0
市场推广业务员,杭州谦牧广告有限公司,2000.0
西班牙语助理,杭州市拱墅区匠福文化艺术工作室,2000.0
平面设计师,杭州贝斯特影视制作有限公司,4000.0
互惠生项目咨询顾问　销售员　业务员,南充市乘着风广告有限公司,6000.0
主播经纪人星探,杭州西元广告有限公司,5000.0
网红主播,杭州时彩科技有限公司,5000.0
淘宝美工/视觉设计师/美工,杭州尚外品牌管理有限公司,3000.0
成控助理,浙江美吖网络科技有限公司,4500.0
文案策划,杭州易佳文化传播有限公司,6000.0
广告平面设计,中良科技集团浙江控股股份有限公司,3000.0
艺人演员（免费大咖培训）,浙江花呗文化艺术发展有限公司,8000.0
内容审核编辑,杭州左木电子商务有限公司,5000.0
实习生,杭州焦点广告传播有限公司,4500.0
运营助理,杭州含章文化传播有限公司,4500.0
Mice 会议会展专员（应届毕业生）,杭州航悦广告策划有限公司,3000.0
3D建模师,广州中影仓影视科技有限公司,3000.0
人事行政专员,杭州锦书博阅信息科技有限公司,4500.0
国际会展销售助理实习生（底薪+提成+双休）,索象策划集团,2000.0
网红主播运营（急）,杭州新定位科技有限公司,6000.0
出版编辑,杭州景江商务会展服务有限公司,3000.0
播音主持,杭州酷想创意工业产品设计有限公司,2000.0
助理设计师,杭州毛毛文化创意有限公司,3000.0
旅游产品助理,杭州弗睿斯展览有限公司,6000.0
平面设计员/实习平面设计师/实习设计/平面设计实习生,浙江盛星文化传媒有限公司,3000.0
帮工学徒,杭州正道文化传媒有限公司,4500.0
PHP开发实习生,杭州看看十度网络科技有限公司,4000.0
社区推广专员无责任4k+提成+6险1金+旅游+包住,杭州正向标识系统有限公司,2000.0
人事行政专员,杭州欧语文化创意有限公司,2000.0
中模 模特经纪人,杭州杨董广告设计有限公司,4000.0
临床协调员,杭州尖鼎标识有限公司,2500.0
案场销售,杭州爱上播文化艺术有限公司,3000.0
客服,杭州安团会展服务有限公司,4000.0
诚聘销售专员(周末双休+五险一金）,杭州墨非文化创意有限公司,3000.0
婚礼设计师/设计师助理,杭州星模文化策划有限公司,3000.0
策划师助理,北京翰博瑞强医药信息咨询有限公司,4500.0
互联网销售,杭州大至房地产营销策划有限公司,33333.333333333336
教务管理,杭州乐易拍文化创意有限公司,4500.0
语文阅读写作老师,杭州临远会展有限公司,5000.0
活动执行专员,杭州遇见爱可儿文化创意有限公司,3000.0
客服实习生,公司名,0
销售代表（茶博会招商专员）,杭州文祥广告制作有限公司,2000.0
实习生,杭州多线科技有限公司,4000.0
客户专员,杭州爱乐艺术专修学校,4000.0
行政专员,杭州闻思教育咨询有限公司,5000.0
文案策划,杭州壹丰文化传播有限公司,4500.0
策划实习生,浙江影天印业有限公司,4000.0
销售助理,上海励新展览有限公司,6000.0
客服专员,杭州大樊纪元文化传媒有限公司,1500.0
修图师/数码修图师,杭州国旺标识有限公司,3000.0
演艺助理,杭州芭蕾瑞拉文化艺术有限公司,3000.0
前台文员,杭州川映文化创意有限公司,4000.0
排版操作员,杭州贯通房地产营销策划有限公司,1500.0
前台接待,浙江易维文化传媒有限公司,4000.0
电话销售,杭州大今广告设计有限公司,4500.0
手机直播/网络主播/视频主播/歌手/主持人模特礼仪迎宾,杭州前位文化创意有限公司,6000.0
高薪诚聘-跟组演员-化妆-摄影-导演-艺人助理包食宿,杭州麒麟共创广告策划有限公司,2900.0
空间设计师,杭州三奇品牌策划有限公司,3000.0
大客户销售经理/非电话销售,杭州良瑞科技有限公司,4500.0
产业研究助理,东阳启洋影视器材租赁有限公司,3000.0
内容制作人（内容制作方向）,杭州雅淳文化传播有限责任公司,8000.0
粉丝运营,四川好声音文化传播有限公司,5000.0
景观设计实习,成都匠客儿文化传媒有限公司,6000.0
会展经理,杭州荣承文化创意有限公司,4000.0
新媒体运营专员,杭州怒蛙网络有限公司,4000.0
小说编辑--网编,浙江省创意设计协会,5000.0
运营助理（实习生也可）,杭州鲜漫文化创意有限公司,3000.0
人事/行政/人事专员/人事主管,浙江从容影视制作有限公司,1500.0
实习生,浙江国兴展览展示有限公司,5000.0
实习编导助理,浙江绍兴迅腾网络科技有限公司,50000.0
室内设计助理,杭州宜盾普广告有限公司,3000.0
文案策划实习生,温州三里文化传媒有限公司,4000.0
工业设计师（实习）,杭州奥格工业设计有限公司,2000.0
实习空间设计师,玉郎童欢文化创意（杭州）有限公司,3000.0
小演员 招募,杭州大略市场调查有限公司,2000.0
实习文案,杭州翰众广告传媒有限公司,1500.0
招聘摄影助理,杭州克劳斯空间设计有限公司,1500.0
实习设计/实习文案/实习企划,杭州领尚文化艺术策划有限公司,1500.0
实习文员,杭州斯帕克工业设计有限公司,1000.0
大客户运营助理（偏销售方向）,杭州北斗文化创意有限公司,0
管培生,佰易影业有限公司,0
工业设计实习生,本埠城乡,1000.0
电商运营专员（店铺运营）,杭州富阳云上照相馆,1500.0
储备干部/2018销售应届生+就近安排+五险一金,杭州动力文化传播有限公司,1500.0
急聘客户管理经理,杭州市下城区诚功电脑三维图像设计室,0
管理培训生（底薪4000+带薪培训+一对一带教）,上海巴九灵文化传播有限公司,1500.0
储备干部/2018销售应届生+就近安排+五险一金,浙江风盛传媒股份有限公司,0
储备干部/2018销售应届生+就近安排+五险一金,杭州风向工业设计有限公司,0
运营助理,杭州邦胜广告有限公司,4000.0
销售代表4000+高提成（月均9600）适合实习生发展,杭州华邦房地产代理有限公司,8000.0
储备干部/2018销售应届生+就近安排+五险一金,浙江宸颐健康管理有限公司,4500.0
特聘房产经纪人，月薪过万，打造黄金职业经理人,公司名,0
急招  媒体咨询人员 实习生，应届生,杭州华邦房地产代理有限公司,6000.0
短视频制作,杭州华邦房地产代理有限公司,8000.0
急聘  新媒体编辑,杭州华邦房地产代理有限公司,8000.0
高薪急聘客户经理+五险一金,杭州教你文化策划有限公司,4500.0
高薪客户经理 五险一金,杭州华邦房地产代理有限公司,8000.0
平面设计师,杭州华邦房地产代理有限公司,8000.0
活动策划/文案策划（福利待遇完善+年终奖+弹性工作）,杭州华邦房地产代理有限公司,8000.0
给你无责底薪4000，你能否翘起高薪的大门,浙江合力传美文化传媒股份有限公司,2000.0
高薪诚聘优秀应届生底薪4000+五险一金+协助住宿,浙江合力传美文化传媒股份有限公司,4000.0
区域销售经理（带薪年假）,浙江合力传美文化传媒股份有限公司,5000.0
区域销售经理,浙江宸颐健康管理有限公司,4500.0
大客户销售专员（定期调薪 节日福利）,浙江宸颐健康管理有限公司,4500.0
大客户销售代表（高提成）,杭州共联文化创意有限公司,3000.0
区域销售经理（五险一金）,杭州共联文化创意有限公司,5000.0
销售代表（五险一金）,杭州华邦房地产代理有限公司,8000.0
大客户销售代表（周末双休）,杭州华邦房地产代理有限公司,6000.0
区域销售经理（季度升舱）,东方福利网,6000.0
区域销售经理（定期调薪 五险一金）,东方福利网,6000.0
区域销售经理（周末双休）,东方福利网,6000.0
销售经理（年薪30万 法定节假日 双休）,东方福利网,6000.0
销售代表（五险一金 周末双休）,东方福利网,6000.0
销售经理（季度升舱）,东方福利网,6000.0
区域销售经理（内部推荐奖励）,东方福利网,6000.0
销售专员（团建基金 管理提成）,东方福利网,6000.0
区域销售经理（高底薪+高业绩提成）,东方福利网,6000.0
销售代表,东方福利网,6000.0
销售专员（五险一金 周末双休）,东方福利网,6000.0
销售经理（周末双休 高底薪）,东方福利网,6000.0
销售专员（带薪年假）,东方福利网,6000.0
区域销售经理（高薪+高提成）,东方福利网,6000.0
销售代表（五险一金 周末双休）,东方福利网,6000.0
销售专员（周末双休 五险一金）,东方福利网,6000.0
销售代表（高福利 高底薪）,东方福利网,6000.0
销售经理（年薪20W+五险一金）,东方福利网,6000.0
销售代表（五险一金）,东方福利网,6000.0
销售经理（年薪20W）,东方福利网,6000.0
大客户经理（周末双休 带薪年假）,东方福利网,6000.0
大客户销售经理（周末双休 五险一金）,东方福利网,6000.0
销售代表,东方福利网,6000.0
区域销售经理（年薪20W）,东方福利网,6000.0
销售总监（周末双休 入职五险一金）,东方福利网,6000.0
销售经理（ 团建基金 季度升舱 ）,东方福利网,6000.0
大客户销售代表（高薪+高福利）,东方福利网,6000.0
区域销售经理（年薪20W+周末双休）,东方福利网,6000.0
销售经理（业绩PK奖励）,东方福利网,6000.0
销售代表（高薪+高福利）,东方福利网,6000.0
销售代表（年薪30万）,东方福利网,6000.0
销售经理（弹性工作 五险一金）,东方福利网,6000.0
区域销售经理（周末双休）,东方福利网,6000.0
销售经理（年薪20w+五险一金）,东方福利网,6000.0
销售代表（高福利+高薪酬）,公司名,0
大客户销售代表（五险一金 周末双休）,东方福利网,6000.0
销售经理（带薪休假+年薪20w）,东方福利网,6000.0
销售专员（周末双休）,东方福利网,6000.0
大客户销售代表（带薪休假）,东方福利网,6000.0
大客户销售,东方福利网,6000.0
大客户销售专员,东方福利网,6000.0
销售经理,东方福利网,6000.0
销售代表,东方福利网,6000.0
销售代表（定期培训）,东方福利网,6000.0
销售专员（高提成 高底薪）,东方福利网,6000.0
销售代表（五险一金 周末双休）,东方福利网,6000.0
销售代表,东方福利网,6000.0
销售顾问（带薪年假）,东方福利网,6000.0
销售代表（周末双休）,东方福利网,6000.0
销售代表（高薪高提成）,东方福利网,6000.0
销售顾问（三连升奖励）,东方福利网,6000.0
销售代表（团建活动）,东方福利网,6000.0
销售代表（业绩PK奖励）,东方福利网,6000.0
销售代表（内部推荐奖励）,东方福利网,6000.0
销售代表（定期调薪）,东方福利网,6000.0
销售专员（周末双休）,东方福利网,6000.0
销售代表（高底薪 高福利）,东方福利网,6000.0
销售代表（带薪年休 周末双休）,东方福利网,6000.0
销售代表（五险一金 带薪年假）,东方福利网,6000.0
销售专员（周末双休 定期调薪）,东方福利网,6000.0
销售顾问（周末双休 定期调薪）,东方福利网,6000.0
销售代表（带薪年假 团建活动）,东方福利网,6000.0
销售经理（高福利 高提成）,东方福利网,6000.0
区域销售经理（营销费支持 季度升舱）,东方福利网,6000.0
大客户销售代表（营销费支持 季度升舱）,东方福利网,6000.0
销售专员（年底双薪 五险一金）,东方福利网,6000.0
销售经理（高底薪+高业绩提成）,东方福利网,6000.0
销售代表（五险一金 周末双休）,东方福利网,6000.0
销售代表（高底薪 高福利）,东方福利网,6000.0
销售经理（五险一金）,东方福利网,6000.0
销售经理（五险一金）,东方福利网,6000.0
销售顾问（带薪年假）,东方福利网,6000.0
销售代表（高福利 高销售）,东方福利网,6000.0
销售代表（周末双休）,东方福利网,6000.0
销售代表（定期调薪 五险一金）,东方福利网,6000.0
销售代表（营销费支持 季度升舱）,东方福利网,6000.0
销售经理（高福利 高底薪）,东方福利网,6000.0
大客户销售代表（五险一金 无责任底薪）,东方福利网,6000.0
销售代表,东方福利网,6000.0
销售经理（五险一金，带薪休假）,东方福利网,6000.0
销售代表（季度升仓）,东方福利网,6000.0
销售顾问（五险一金  双休）,东方福利网,6000.0
销售顾问（带薪年假）,东方福利网,6000.0
销售经理（季度升舱）,东方福利网,6000.0
无责底薪四千 诚聘电话销售代表  销售专员 销售业务员,东方福利网,6000.0
销售（底薪4100+提成）（杭州）,公司名,0
销售（底薪4100+提成）（杭州）,东方福利网,6000.0
应届毕业生专招，无需经验（杭州）,东方福利网,6000.0
销售（底薪4100+提成）（杭州）,东方福利网,6000.0
行政人事（杭州）,东方福利网,6000.0
应届毕业生专招，无需经验（杭州）,东方福利网,6000.0
高薪精英销售+月入10000-15000+家门口上班+五险一金,东方福利网,6000.0
销售助理,东方福利网,6000.0
销售实习生+均薪8000+五险一金+带薪培训+协助住宿,杭州熙龙文化创意有限公司,10000.0
高薪诚聘销售/房产经纪人/业务员/五险一金/提供住宿,北京华兴汇河文化交流有限公司,4100.0
销售代表4000+高提成（月均9600）适合实习生发展,北京华兴汇河文化交流有限公司,4100.0
寻找锐利的你,北京华兴汇河文化交流有限公司,4000.0
房产销售/主管职位等你来战,北京华兴汇河文化交流有限公司,4100.0
18年应届实习/底薪4000/带薪培训/提供住宿，五险一金,北京华兴汇河文化交流有限公司,3100.0
W应届生+实习销售助理+4000底薪+协助住宿,北京华兴汇河文化交流有限公司,4000.0
高薪急聘在线客服,杭州华邦房地产代理有限公司,10000.0
高薪急聘客服,上海精视文化传播有限公司,3500.0
策划/文案/运营,杭州华邦房地产代理有限公司,6000.0
急聘文案策划,杭州华邦房地产代理有限公司,8000.0
高薪急聘客服,杭州华邦房地产代理有限公司,8000.0
高薪急聘客服（五险一金+内部福利）,杭州华邦房地产代理有限公司,4500.0
急聘文案策划（五险一金+内部福利）,杭州华邦房地产代理有限公司,7000.0
销售实习生（无责3700+带薪培训）,杭州华邦房地产代理有限公司,8000.0
销售代表4000+高提成（月均9600）适合实习生发展,杭州华邦房地产代理有限公司,4000.0
高薪诚聘优秀应届生底薪4000+五险一金+协助住宿,浙江宸颐健康管理有限公司,4500.0
高薪诚聘优秀应届生底薪4000+五险一金+协助住宿,浙江宸颐健康管理有限公司,4500.0
房产销售/主管职位等你来战,浙江宸颐健康管理有限公司,4500.0
市场/营销专员 均薪8-10k（可接受应届生）,浙江宸颐健康管理有限公司,4500.0
储备干部/2018销售应届生+就近安排+五险一金,浙江宸颐健康管理有限公司,4500.0
应届实习/0基础师傅带教/无责底薪高提成/多次晋升,浙江宸颐健康管理有限公司,4500.0
储备店长/经理+一年4次晋升机会+五险一金+就近分配,浙江宸颐健康管理有限公司,4500.0
房产销售/月均8000-10000/打造金牌职业经理人,杭州益计算科技有限公司,6000.0
销售（底薪4100+提成）（杭州）,杭州华邦房地产代理有限公司,8000.0
行政人事（杭州）,杭州华邦房地产代理有限公司,6000.0
应届毕业生专招，无需经验（杭州）,杭州华邦房地产代理有限公司,6000.0
美工助理不会可带+双休,杭州华邦房地产代理有限公司,8000.0
编导,杭州益计算科技有限公司,6000.0
寻找锐利的你,杭州华邦房地产代理有限公司,8000.0
没错，招的就是你,杭州华邦房地产代理有限公司,6000.0
急聘跨境电商商务专员,杭州华邦房地产代理有限公司,8000.0
高薪招聘销售精英,杭州华邦房地产代理有限公司,8000.0
管理培训生（底薪4000+带薪培训+一对一带教）,北京华兴汇河文化交流有限公司,4100.0
转行销售无责4000+师傅带教+提成高+晋升快,北京华兴汇河文化交流有限公司,3100.0
销售实习生底薪4000+五险一金+协助住宿+出国旅游,北京华兴汇河文化交流有限公司,4000.0
高薪房产销售+五险一金+协助住宿,杭州淘理网络科技有限公司,3500.0
大客户销售代表  月薪7k-1w,浙江博顿影视文化有限公司,3000.0
房产销售/主管职位等你来战,杭州华邦房地产代理有限公司,4500.0
应届生/实习生底薪4000+协助找房,杭州华邦房地产代理有限公司,4500.0
2018届应届毕业生底薪4000+五险一金+协助住宿,杭州海猫信息技术有限公司,6000.0
特聘房产经纪人，月薪过万，打造黄金职业经理人,杭州海猫信息技术有限公司,6000.0
房产销售/主管职位等你来战,杭州华邦房地产代理有限公司,6000.0
转行销售无责4000+师傅带教+提成高+晋升快,公司名,0
储备干部/2018销售应届生+就近安排+五险一金,杭州华邦房地产代理有限公司,6000.0
储备干部/2018销售应届生+就近安排+五险一金,杭州华邦房地产代理有限公司,6000.0
实习生4000底薪+高提成+协助住宿+五险一金+快速晋升,杭州华邦房地产代理有限公司,6000.0
销售代表4000+高提成（月均9600）适合实习生发展,杭州益计算科技有限公司,8000.0
市场营销助理,杭州华邦房地产代理有限公司,8000.0
行政人事（杭州）,杭州华邦房地产代理有限公司,6000.0
应届毕业生专招，无需经验（杭州）,杭州华邦房地产代理有限公司,6000.0
销售（底薪4100+提成）（杭州）,杭州华邦房地产代理有限公司,8000.0
普工一辈子不如（销售）一阵子  3700起+培训,杭州华邦房地产代理有限公司,8000.0
市场部实习生（大平台+有培训+晋升快）,杭州华邦房地产代理有限公司,6000.0
储备干部/2018销售应届生+就近安排+五险一金,杭州华邦房地产代理有限公司,8000.0
实习生4000底薪+高提成+协助住宿+五险一金+快速晋升,杭州华邦房地产代理有限公司,8000.0
W应届生+实习销售助理+4000底薪+协助住宿,杭州华邦房地产代理有限公司,6000.0
18应届管培生（底薪4000+带薪培训+一对一带教）,杭州华邦房地产代理有限公司,8000.0
转行销售无责4000+师傅带教+提成高+晋升快,杭州盛世传奇标识系统有限公司,6000.0
高薪诚聘优秀应届生底薪4000+五险一金+协助住宿,北京华兴汇河文化交流有限公司,3100.0
房产销售/主管职位等你来战,北京华兴汇河文化交流有限公司,4000.0
转行销售无责4000+师傅带教+提成高+晋升快,北京华兴汇河文化交流有限公司,4100.0
2018届应届生底薪4000+五险一金+协助住宿,杭州益计算科技有限公司,6000.0
躁动的心怎能抑制  高挑战高提成  等你,杭州益计算科技有限公司,6000.0
销售代表4000+高提成（月均9600）适合实习生发展,杭州华邦房地产代理有限公司,8000.0
销售代表/90后团队/试用期底薪4000/高提成/五险一金,杭州华邦房地产代理有限公司,6000.0
诚聘文员实习生y,杭州华邦房地产代理有限公司,5000.0
6k+营销顾问+社保y,杭州华邦房地产代理有限公司,6000.0
8k+出差销售福利好y,杭州华邦房地产代理有限公司,6000.0
网销实习生（90后的大平台）,杭州华邦房地产代理有限公司,6000.0
应届毕业生专招，无需经验（杭州）,杭州华邦房地产代理有限公司,8000.0
销售（底薪4100+提成）（杭州）,杭州华邦房地产代理有限公司,6000.0
销售（底薪4100+提成）（杭州）,杭州华邦房地产代理有限公司,6000.0
储备干部/2018销售应届生+就近安排+五险一金,杭州华邦房地产代理有限公司,6000.0
APP推广（8h/天+社保+月收入7000以上）,杭州华邦房地产代理有限公司,8000.0
销售管培生  无责3700起+高提成+补贴/住宿,杭州华邦房地产代理有限公司,8000.0
y英语课程顾问月均10k,杭州华元广告策划有限公司,3333.333333333333
新媒体推广专员,杭州华元广告策划有限公司,6666.666666666666
互联网电话销售,杭州华元广告策划有限公司,6666.666666666666
商务助理,杭州益计算科技有限公司,6000.0
媒介专员/助理,北京华兴汇河文化交流有限公司,4000.0
设计助理（杭州）,北京华兴汇河文化交流有限公司,4100.0
人力资源助理,北京华兴汇河文化交流有限公司,4100.0
线上运营实习生（良渚）,杭州华邦房地产代理有限公司,8000.0
转行销售无责4000+师傅带教+提成高+晋升快,杭州益计算科技有限公司,6000.0
高薪诚聘优秀应届生底薪4000+五险一金+协助住宿,杭州益计算科技有限公司,8000.0
给你无责底薪4000，你能否翘起高薪的大门,杭州华元广告策划有限公司,8000.0
高底薪4000+高提成+季度晋升+带薪培训+协助住宿,杭州凌平科技有限公司,10000.0
市场拓展专员/助理,杭州凌平科技有限公司,8000.0
文案编辑,杭州凌平科技有限公司,4000.0
适合应届生的美国互惠年薪7万起,杭州凌平科技有限公司,4500.0
U滨江诚招销售双休+可实习6K+,上海富百群贸易有限公司,10000.0
U丁香园诚招销售双休+实习6K+,南派泛娱有限公司,4500.0
U微贷网客服销售双休6K+,杭州热浪工业产品设计有限公司,1500.0
U滨江诚招销售双休+可实习6K+,公司名,0
8k+电话客服社保加双休U,杭州华邦房地产代理有限公司,6000.0
U滨江诚招销售双休+可实习6K+,杭州华邦房地产代理有限公司,6000.0
U英语老师双休社保7k+,杭州华邦房地产代理有限公司,8000.0
U滨江诚招销售双休+可实习6K+,杭州华邦房地产代理有限公司,6000.0
U滨江诚招销售双休+可实习6K+,杭州雨晨文化策划有限公司,3000.0
U滨江诚招销售双休+可实习6K+,杭州雨晨文化策划有限公司,4500.0
U滨江诚招销售双休+可实习6K+,青岛中优德惠文化交流咨询有限公司,6000.0
江干区5k+聘银行客服U,杭州华元广告策划有限公司,6000.0
U滨江诚招销售双休可实习6K+,杭州华元广告策划有限公司,6000.0
U滨江诚招销售双休+可实习6K+,杭州华元广告策划有限公司,6000.0
4300+双休英语客服U,杭州华元广告策划有限公司,6000.0
U英语老师月均7-10k+社保双休,杭州华元广告策划有限公司,8000.0
U滨江微贷网客服销售双休实习,杭州华元广告策划有限公司,6000.0
U银行电催专员+月均5-9k+社保,杭州华元广告策划有限公司,7000.0
U连锁便利店招营业员可实习,杭州华元广告策划有限公司,6000.0
U跨境电商招采购4K+可实习,杭州华元广告策划有限公司,6000.0
U西湖电商招采购文员4K+可实习,杭州华元广告策划有限公司,6000.0
U便利店诚招营业员4K+晋升,杭州华元广告策划有限公司,6000.0
U外婆家包吃住招服务员,杭州华元广告策划有限公司,5000.0
老余杭急招分拣员4k+U,杭州华元广告策划有限公司,6000.0
鲜生活便利店诚招营业员U,杭州华元广告策划有限公司,6000.0
U 4k+英语在线客服双休,杭州华元广告策划有限公司,4300.0
U滨江诚招英语老师双休+社保7k+,杭州华元广告策划有限公司,8000.0
U江干区诚聘电催客服5K+,杭州华元广告策划有限公司,6000.0
武林银泰诚聘导购180元/天U,杭州华元广告策划有限公司,5000.0
滨江销售客服6k+双休五险U,杭州华元广告策划有限公司,4000.0
U六和塔茶楼服务员包吃4.5k+,杭州华元广告策划有限公司,3800.0
U六和塔茶楼急招服务员包吃4.5k+,杭州华元广告策划有限公司,3800.0
江干区5k+聘银行客服U,杭州华元广告策划有限公司,4000.0
滨江客服6k+双休晋升U,杭州华元广告策划有限公司,3500.0
8k+电话客服五险一金+双休U,杭州华元广告策划有限公司,3700.0
滨江6k+诚聘课程顾问U,杭州华元广告策划有限公司,3000.0
滨江6k+诚聘课程顾问U,杭州华元广告策划有限公司,6000.0
4300+双休英语客服U,杭州华元广告策划有限公司,7000.0
江干区5k+聘阿里客服U,杭州华元广告策划有限公司,6000.0
江干区5k+聘银行客服U,杭州华元广告策划有限公司,3000.0
U电催专员蚂蚁金服+月均5-9k+社保,杭州华元广告策划有限公司,6000.0
U鲜生活便利店急招营业员,杭州华元广告策划有限公司,4500.0
U外婆家包吃住招服务员,杭州华元广告策划有限公司,4500.0
U百丽鞋业双休高薪招导购,杭州华元广告策划有限公司,5000.0
U西湖跨境电商招采购可实习,杭州华元广告策划有限公司,8000.0
U英语老师月均7k+社保双休,杭州华元广告策划有限公司,8000.0
U英语老师月均7k+社保双休,杭州华元广告策划有限公司,4000.0
8k+电话客服五险一金加双休U,杭州华元广告策划有限公司,4000.0
U连锁便利店4K+招营业员,杭州华元广告策划有限公司,4300.0
8K+诚聘招商专员五险一金U,杭州华元广告策划有限公司,5000.0
8K+诚聘招商专员五险一金U,杭州华元广告策划有限公司,5000.0
8K+诚聘招商专员五险一金U,杭州华元广告策划有限公司,5000.0
8K+诚聘招商专员五险一金U,杭州华元广告策划有限公司,3000.0
8k+金融电话客服社保双休U,杭州华元广告策划有限公司,3500.0
U英语老师月均7k+社保双休,公司名,0
U连锁便利店4K+招营业员,杭州华元广告策划有限公司,3500.0
8k+电话客服五险一金加双休U,杭州华元广告策划有限公司,3800.0
8k+滨江金融电话销售双休U,杭州华元广告策划有限公司,8000.0
8k+电话客服五险一金加双休U,杭州华元广告策划有限公司,8000.0
U英语老师月均7k+社保双休,杭州华元广告策划有限公司,8000.0
8k+电话客服五险一金加双休U,杭州华元广告策划有限公司,4000.0
U西湖区双休4K+聘采购文员,杭州华元广告策划有限公司,6000.0
U连锁便利店4K+招营业员,杭州华元广告策划有限公司,6000.0
U4K+急招做一休一超市导购,杭州华元广告策划有限公司,6000.0
U西湖急招理货员做一休一,杭州华元广告策划有限公司,6000.0
8k+电话客服五险一金加双休U,杭州华元广告策划有限公司,8000.0
8k+电话客服五险一金加双休U,杭州华元广告策划有限公司,8000.0
滨江6k+诚聘课程顾问U,杭州华元广告策划有限公司,4000.0
滨江6k+诚聘课程顾问U,杭州华元广告策划有限公司,8000.0
U连锁便利店4K+招营业员,杭州华元广告策划有限公司,8000.0
U连锁便利店4K+招营业员,杭州华元广告策划有限公司,8000.0
江干区5k+聘银行客服U,杭州华元广告策划有限公司,8000.0
U英语老师月均7k+社保双休,杭州华元广告策划有限公司,8000.0
U英语老师月均7k+社保双休,杭州华元广告策划有限公司,3800.0
U西湖区双休4K+聘采购文员,杭州华元广告策划有限公司,4000.0
U西湖区双休4K+聘采购文员,杭州华元广告策划有限公司,4000.0
U西湖区双休4K+聘采购文员,杭州华元广告策划有限公司,2000.0
U跨境电商招采购文员可实习,杭州华元广告策划有限公司,8000.0
U4K+西湖区聘电商采购文员,杭州华元广告策划有限公司,8000.0
8k+电话客服五险一金加双休U,杭州华元广告策划有限公司,6000.0
U连锁便利店招营业员可实习,杭州华元广告策划有限公司,6000.0
U英语班主任月均7k+社保双休,杭州华元广告策划有限公司,4000.0
U英语老师月均7k+社保双休,杭州华元广告策划有限公司,4000.0
U连锁便利店招营业员可实习,杭州华元广告策划有限公司,5000.0
江干区5k+聘催收客服U,杭州华元广告策划有限公司,8000.0
U滨江诚聘英语老师7k+社保双休,杭州华元广告策划有限公司,8000.0
U8k+双休诚聘销售代表,杭州华元广告策划有限公司,3800.0
江干区5k+聘银行客服U,杭州华元广告策划有限公司,3800.0
8k+电话客服社保加双休U,杭州华元广告策划有限公司,3800.0
房产销售/主管职位等你来战,杭州华元广告策划有限公司,3800.0
应届生底薪4000+高提成+季度晋升+带薪培训+协助住宿,杭州华元广告策划有限公司,3800.0
给你无责底薪4000，你能否翘起高薪的大门,杭州华元广告策划有限公司,8000.0
商务BD,杭州华元广告策划有限公司,4000.0
招投标专员,杭州华元广告策划有限公司,8000.0
网络销售  室内办公  夏日依旧可以做一个自由的鱼,杭州华元广告策划有限公司,8000.0
招聘：影视后期制作/平面设计助理,杭州华元广告策划有限公司,4000.0
客服专员,杭州华元广告策划有限公司,5000.0
销售专员,杭州华元广告策划有限公司,8000.0
收购采购精英,杭州华元广告策划有限公司,8000.0
西西弗书店-图书专员（杭州临平银泰城店）,杭州华元广告策划有限公司,5000.0
书店实习生（杭州）,杭州华元广告策划有限公司,8000.0
西西弗书店-图书专员（杭州金沙天街店）,杭州华邦房地产代理有限公司,8000.0
给你无责底薪4000，你能否翘起高薪的大门,杭州华邦房地产代理有限公司,6000.0
影城服务员/营运员/基层员工,杭州华邦房地产代理有限公司,8000.0
特聘房产经纪人，月薪过万，打造黄金职业经理人,杭州跟屁虫影视有限公司,8000.0
财务经理,公司名,0
加盟行政/服务专员,杭州跟屁虫影视有限公司,8000.0
课程顾问,杭州益计算科技有限公司,6000.0
储备干部  丁桥分公司（大学实习生，应届毕业生）,北京巨擘广告制作有限公司,6000.0
给你无责底薪4000，你能否翘起高薪的大门,保翼文化艺术发展有限公司,8000.0
18应届管培生（底薪4000+带薪培训+一对一带教）,保翼文化艺术发展有限公司,4500.0
18年应届实习/底薪4000/带薪培训/提供住宿，五险一金,保翼文化艺术发展有限公司,20000.0
18应届管培生（底薪4000+带薪培训+一对一带教）,重庆西西弗文化传播有限公司,3500.0
18应届管培生（底薪4000+带薪培训+一对一带教）,重庆西西弗文化传播有限公司,2200.0
G高底薪4000+高提成+季度晋升+带薪培训+协助住宿,重庆西西弗文化传播有限公司,3500.0
高薪诚聘销售/房产经纪人/业务员/五险一金/提供住宿,杭州华邦房地产代理有限公司,8000.0
销售/4K高薪+带薪培训+透明晋升+五险一金+提供住宿,中影影院投资有限公司,0
销售月薪过万 提供住宿 透明晋升 五险一金,杭州华邦房地产代理有限公司,8000.0
销售/4K高薪+带薪培训+透明晋升+五险一金+提供住宿,杭州小童星儿童艺术策划有限公司,4000.0
销售/无责底薪4000免费培训/晋升快就近分配/五险一金,杭州小童星儿童艺术策划有限公司,3500.0
密室工程师助理,杭州小童星儿童艺术策划有限公司,3000.0
密室门店店员,杭州小童星儿童艺术策划有限公司,2500.0
沉浸式密室NPC,杭州华邦房地产代理有限公司,8000.0
行政人事助理,杭州华邦房地产代理有限公司,6000.0
天猫运营助理/运营助理,杭州华邦房地产代理有限公司,8000.0
销售顾问,杭州华邦房地产代理有限公司,6000.0
5000底薪招聘星探,杭州华邦房地产代理有限公司,6000.0
5000底薪招聘星探,杭州华邦房地产代理有限公司,7000.0
短视频制作实习生,杭州华邦房地产代理有限公司,8000.0
网络主播,杭州华邦房地产代理有限公司,8000.0
网络主播,杭州华邦房地产代理有限公司,7000.0
网络主播,杭州华邦房地产代理有限公司,6000.0
拓展专员（丰厚福利+奖金+专业培训+年度旅游+地铁口）,杭州华邦房地产代理有限公司,6000.0
手工刺绣 串珠 3k+ 环境舒适,杭州叉乘文化创意有限公司,5000.0
高底薪4000+高提成+季度晋升+带薪培训+协助住宿,杭州叉乘文化创意有限公司,3500.0
W应届生+实习销售助理+4000底薪+协助住宿,杭州叉乘文化创意有限公司,5000.0
18年应届实习/底薪4000/带薪培训/提供住宿，五险一金,杭州爱来屋电子商务有限公司,4000.0
给你无责底薪4000，你能否翘起高薪的大门,杭州爱来屋电子商务有限公司,4000.0
房产销售/主管职位等你来战,杭州布恩儿童摄影有限公司,6000.0
高底薪4000+高提成+季度晋升+带薪培训+协助住宿,杭州艺歌文化传媒有限公司,5000.0
18应届管培生（底薪4000+带薪培训+一对一带教）,杭州艺歌文化传媒有限公司,5000.0
2018应届管培生（底薪4000+带薪培训+一对一带教）,杭州艺歌文化传媒有限公司,3000.0
高薪诚聘销售/房产经纪人/业务员/五险一金/提供住宿,杭州艺歌文化传媒有限公司,10000.0
高薪诚聘销售/房产经纪人/业务员/五险一金/提供住宿,杭州艺歌文化传媒有限公司,10000.0
创意文案,杭州艺歌文化传媒有限公司,15000.0
内容运营实习生,杭州任性网络技术有限公司,4000.0
销售助理,杭州子卯文化创意有限公司,3500.0
销售代表底薪4k,杭州华邦房地产代理有限公司,7000.0
实习生,杭州华邦房地产代理有限公司,4000.0
前台教务,杭州华邦房地产代理有限公司,6000.0
设计部实习生,杭州华邦房地产代理有限公司,6000.0
会展销售代表,杭州华邦房地产代理有限公司,7000.0
会展会务销售专员,杭州华邦房地产代理有限公司,7000.0
同业销售,杭州华邦房地产代理有限公司,6000.0
旅游产品销售,杭州华邦房地产代理有限公司,6000.0
会展销售,杭州华邦房地产代理有限公司,8000.0
销售专员/销售主管/销售总监,公司名,0
社群运营实习生,杭州华邦房地产代理有限公司,8000.0
高薪诚聘销售/房产经纪人/业务员/五险一金/提供住宿,杭州邦胜广告有限公司,5000.0
高薪诚聘销售/房产经纪人/业务员/五险一金/提供住宿,杭州如懿文化创意有限公司,3000.0
高薪诚聘销售/房产经纪人/业务员/五险一金/协助租房,杭州轩捷文化传播有限公司,3000.0
高底薪4000+高提成+季度晋升+带薪培训+协助住宿,杭州轩捷文化传播有限公司,8000.0
销售/无责底薪4k/免费培训/晋升快就近分配/五险一金,杭州轩捷文化传播有限公司,2000.0
高薪诚聘销售/房产经纪人/业务员/五险一金/提供住宿,杭州轩捷文化传播有限公司,3000.0
W应届生+实习销售助理+4000底薪+协助住宿,杭州源钰室内设计有限公司,1500.0
豪世华邦、终极荣耀、置业顾问,杭州顺安会展有限公司,3000.0
文案策划,杭州顺安会展有限公司,3000.0
平面设计实习生,杭州顺安会展有限公司,2000.0
助理,杭州顺安会展有限公司,2000.0
电子商务运营助理,杭州顺安会展有限公司,2000.0
运营方向（2019届实习生）,杭州顺安会展有限公司,2000.0
直播助理,开始吧,2000.0
运营专员,杭州华邦房地产代理有限公司,8000.0
气质范共享秤市场推广（底薪+提成）,杭州华邦房地产代理有限公司,8000.0
气质范共享秤商务助理,杭州华邦房地产代理有限公司,8000.0
气质范共享秤渠道销售专员,杭州华邦房地产代理有限公司,7000.0
急聘智能体重秤销售代表,杭州华邦房地产代理有限公司,5000.0
审核员,杭州华邦房地产代理有限公司,8000.0
储备干部/2018销售应届生+就近安排+五险一金,杭州华邦房地产代理有限公司,4000.0
销售代表4000+高提成（月均9600）适合实习生发展,杭州华邦房地产代理有限公司,7000.0
行政助理（五险一金+提供住宿+晋升空间）,杭州诺鼎房地产策划有限公司,4500.0
游戏动作设计师/游戏动画师,杭州诺鼎房地产策划有限公司,4500.0
急聘策划/文案-美业,成都华星兄弟文化传媒有限公司,3000.0
电话销售 5000+专业培训,成都华星兄弟文化传媒有限公司,8000.0
置业顾问,成都华星兄弟文化传媒有限公司,4500.0
案场行政助理,成都华星兄弟文化传媒有限公司,4500.0
销售助理（五险一金 双休 年薪20w）,成都华星兄弟文化传媒有限公司,8000.0
销售代表（五险一金 双休）,浙江盈科万勤通信技术有限公司,3500.0
销售代表,浙江盈科万勤通信技术有限公司,4000.0
销售代表（五险一金 年薪20万 ）,浙江盈科万勤通信技术有限公司,4000.0
大客户销售,浙江盈科万勤通信技术有限公司,4000.0
电话销售代表,浙江自贸区中宝金融数据处理服务外...,4500.0
诚聘大客户销售管理,杭州华邦房地产代理有限公司,8000.0
销售顾问(五险一金）,杭州华邦房地产代理有限公司,8000.0
销售经理（年薪20w）,杭州慕义贸易有限公司,3000.0
销售代表(内部推荐奖励),杭州漫禾科技有限公司,5000.0
销售代表（高薪双休）,浙江宸颐健康管理有限公司,4500.0
销售经理（模范销售奖励）,杭州嗨趣网络科技有限公司,5000.0
销售代表,杭州鸿道房地产营销策划有限公司,3000.0
大客户销售（底薪4K-8K+双休+五险一金）,杭州鸿道房地产营销策划有限公司,4000.0
销售经理（年薪20w）,东方福利网,6000.0
大客户销售顾问,东方福利网,6000.0
大客户销售（季度升舱）,东方福利网,6000.0
大客户销售（底薪4K-8K+公司平台优势+双休+五险一金）,东方福利网,6000.0
销售代表,东方福利网,8333.333333333334
销售专员（年薪20万）,东方福利网,10000.0
大客户经理（年薪30万）,东方福利网,6000.0
销售代表（年薪30万）,公司名,0
销售经理（周末双休 定期调薪）,东方福利网,6000.0
销售代表（带薪年假）,东方福利网,6000.0
销售经理,东方福利网,6000.0
销售专员（五险一金 双休  高年薪）,东方福利网,6000.0
销售经理（年薪20万）,东方福利网,6000.0
区域销售经理（模范销售奖励）,东方福利网,6000.0
区域销售经理（五险一金 周末双休）,东方福利网,6000.0
销售经理（定期调薪 节日福利）,东方福利网,6000.0
销售代表（五险一金 带薪年假）,东方福利网,6000.0
销售代表（年薪30万 双休）,东方福利网,6000.0
销售代表,东方福利网,6000.0
客户经理（五险一金 双休）,东方福利网,6000.0
销售代表,东方福利网,6000.0
大客户销售（五险一金  双休）,东方福利网,6000.0
销售专员（年薪30万）,东方福利网,6000.0
销售代表（五险一金 年薪20万）,东方福利网,6000.0
销售代表（定期调薪 节日福利）,东方福利网,6000.0
销售经理（营销费支持 季度升舱）,东方福利网,6000.0
销售代表（模范销售奖励 业绩PK奖励）,东方福利网,6000.0
区域销售经理（五险一金 带薪年假）,东方福利网,6000.0
销售代表（模范销售奖励 业绩PK奖励）,东方福利网,6000.0
销售经理（季度升舱 内部推荐奖励）,东方福利网,6000.0
销售经理（高底薪 高业绩提成）,东方福利网,6000.0
销售代表（带薪年假 周末双休）,东方福利网,6000.0
销售经理（年底双薪 五险一金）,东方福利网,6000.0
销售代表（周末双休 定期调薪）,东方福利网,6000.0
销售代表（五险一金 带薪年假）,东方福利网,6000.0
销售专员（年底双薪 带薪年假）,东方福利网,6000.0
销售经理（周末双休 定期调薪）,东方福利网,6000.0
销售总监（月度冠军奖励 特定节日业绩翻倍）,东方福利网,6000.0
销售经理（ 高底薪 高业绩提成）,东方福利网,6000.0
销售代表（ 带薪年假 五险一金）,东方福利网,6000.0
大客户销售（高底薪 高提成 ）,东方福利网,6000.0
销售专员（年底双薪 五险一金 ）,东方福利网,6000.0
签约快手演员/模特/主播（推广）,东方福利网,6000.0
商务助理,东方福利网,6000.0
大客户运营,东方福利网,6000.0
新媒体运营专员,东方福利网,6000.0
初级Android开发工程师,东方福利网,6000.0
行政前台,东方福利网,6000.0
新媒体运营专员,东方福利网,6000.0
网络文学编辑（党员优先）,东方福利网,6000.0
设计助理,东方福利网,6000.0
售后客服,东方福利网,6000.0
行政前台 应届生/全职实习生,东方福利网,6000.0
内容编辑,东方福利网,6000.0
商家运营/平台运营,东方福利网,6000.0
运营助理实习生,东方福利网,6000.0
用户运营专员,东方福利网,6000.0
品牌推广助理,北京龙族星工厂娱乐有限公司,16666.666666666668
社群运营实习生/一对一师徒/提供转正,公司名,0
广告投放,杭州蓝蛙科技有限公司,3000.0
应届毕业生实习岗（提供转正/微信运营/新媒体方向）,杭州蓝蛙科技有限公司,6000.0
微信运营/提供转正/本专生,杭州蓝蛙科技有限公司,5000.0
活动运营,杭州掌读科技有限公司,8000.0
招商专员,杭州掌读科技有限公司,3000.0
活动执行,杭州掌读科技有限公司,5000.0
市场专员,杭州掌读科技有限公司,5000.0
运营助理,杭州互腾广告有限公司,3000.0
销售（底薪4100+提成）（杭州）,北京宝袋电子商务股份有限公司杭州...,3000.0
行政人事（杭州）,北京宝袋电子商务股份有限公司杭州...,4000.0
销售（底薪4100+提成）（杭州）,北京好易装网络科技有限公司杭州分...,3000.0
销售（底薪4100+提成）（杭州）,北京好易装网络科技有限公司杭州分...,3500.0
行政人事（杭州）,北京好易装网络科技有限公司杭州分...,3000.0
销售（底薪4100+提成）（杭州）,北京好易装网络科技有限公司杭州分...,5000.0
行政人事（杭州）,北京好易装网络科技有限公司杭州分...,3500.0
应届毕业生专招，无需经验（杭州）,北京好易装网络科技有限公司杭州分...,3000.0
销售（底薪4100+提成）（杭州）,北京好易装网络科技有限公司杭州分...,3500.0
应届毕业生专招（杭州）,北京好易装网络科技有限公司杭州分...,3000.0
行政人事（杭州）,北京好易装网络科技有限公司杭州分...,4000.0
行政人事（杭州）,北京好易装网络科技有限公司杭州分...,4000.0
应届毕业生专招（杭州）,北京好易装网络科技有限公司杭州分...,3500.0
销售（底薪4100+提成）（杭州）,北京好易装网络科技有限公司杭州分...,4000.0
销售（底薪4100+提成）（杭州）,北京好易装网络科技有限公司杭州分...,3500.0
应届毕业生专招，无需经验（杭州）,北京好易装网络科技有限公司杭州分...,3500.0
行政人事（杭州）,北京华兴汇河文化交流有限公司,4100.0
销售（底薪4100+提成）（杭州）,北京华兴汇河文化交流有限公司,3100.0
应届毕业生专招，无需经验（杭州）,北京华兴汇河文化交流有限公司,4100.0
行政人事（杭州）,北京华兴汇河文化交流有限公司,4100.0
行政人事（杭州）,北京华兴汇河文化交流有限公司,3100.0
应届毕业生专招，无需经验（杭州）,北京华兴汇河文化交流有限公司,4100.0
销售（底薪4100+提成）（杭州）,北京华兴汇河文化交流有限公司,3100.0
行政人事（杭州）,北京华兴汇河文化交流有限公司,4000.0
行政前台,北京华兴汇河文化交流有限公司,4100.0
储备店长,北京华兴汇河文化交流有限公司,4000.0
全能战将,北京华兴汇河文化交流有限公司,3100.0
文员  应届生优先,北京华兴汇河文化交流有限公司,3100.0
行政前台,北京华兴汇河文化交流有限公司,4000.0
跨境电商运营实习生（英语）,北京华兴汇河文化交流有限公司,4100.0
网络主播,北京华兴汇河文化交流有限公司,4100.0
网络主播,北京华兴汇河文化交流有限公司,4000.0
主播每天直播四个小时,北京华兴汇河文化交流有限公司,3100.0
网络主播,北京华兴汇河文化交流有限公司,4100.0
营销策划实习生,北京华兴汇河文化交流有限公司,4000.0
内容编辑,北京华兴汇河文化交流有限公司,3100.0
文案编辑,北京华兴汇河文化交流有限公司,3100.0
客户经理（电话销售）,北京华兴汇河文化交流有限公司,4000.0
高校部运营专员,北京华兴汇河文化交流有限公司,4100.0
牛通社培训学校市场营销专员,北京华兴汇河文化交流有限公司,3100.0
客服专员,浙江天映影视传媒有限公司,3500.0
房产部业务助理,广州汤臣杰逊网络科技有限公司,4000.0
杭城各大学校实习生,公司名,0
应届毕业生专招，无需经验（杭州）,杭州邦胜广告有限公司,4000.0
销售（底薪4100+提成）（杭州）,杭州刻度标识设计制作有限公司,3000.0
行政人事（杭州）,浙江马丁品牌管理有限公司,3000.0
找工作 让住房不再成为你的阻碍,杭州子吾品牌策划有限公司,2000.0
急聘销售，让你为自己的未来储备资金,杭州东视科技有限公司,10000.0
市场推广,杭州东视科技有限公司,10000.0
教务行政,杭州东视科技有限公司,8000.0
课程顾问,杭州东视科技有限公司,5000.0
摄影助理,杭州墨北文化创意有限公司,2000.0
客户服务专员,杭州扒零猴文化创意有限公司,5000.0
摄影助理,杭州扒零猴文化创意有限公司,5000.0
美术编辑,好易购家庭购物有限公司,4000.0
仓库发货员,浙江《青年时报》社,6666.666666666666
理科编辑,浙江《青年时报》社,5000.0
数学编辑,浙江《青年时报》社,3000.0
图书发行业务员,浙江《青年时报》社,3000.0
英语编辑,浙江《青年时报》社,0
销售代表4000+高提成（月均9600）适合实习生发展,北京华兴汇河文化交流有限公司,4000.0
应届实习/0基础师傅带教/无责底薪高提成/多次晋升,北京华兴汇河文化交流有限公司,4100.0
销售实习生+均薪8000+五险一金+带薪培训+协助住宿,北京华兴汇河文化交流有限公司,3100.0
销售代表4000+高提成（月均9600）适合实习生发展,杭州华邦房地产代理有限公司,6000.0
躁动的心怎能抑制  高挑战高提成  等你,杭州华邦房地产代理有限公司,8000.0
行政专员,杭州善乐教育咨询有限公司,4500.0
HR招聘专员/人事专员/人力资源,杭州善乐教育咨询有限公司,3500.0
物流专员,杭州善乐教育咨询有限公司,10000.0
设计师,汪正影业国际儿童摄影,4000.0
2018届实习生岗（无责3700-4000+住宿餐补）全职岗,汪正影业国际儿童摄影,2500.0
市场助理,汪正影业国际儿童摄影,6000.0
市场运营专员,杭州孟建平图书有限公司,4000.0
销售代表+高提成+培训,杭州孟建平图书有限公司,3000.0
储备干部/2018销售应届生+就近安排+五险一金,杭州孟建平图书有限公司,4000.0
销售代表4000+高提成（月均9600）适合实习生发展,杭州孟建平图书有限公司,4000.0
销售实习生+均薪8000+五险一金+带薪培训+协助住宿,杭州孟建平图书有限公司,4000.0
寻找锐利的你,杭州孟建平图书有限公司,4000.0
没错，招的就是你,杭州华邦房地产代理有限公司,8000.0
江干区笕桥  国画老师,杭州华邦房地产代理有限公司,6000.0
豪世华邦、终极荣耀、置业顾问,杭州华邦房地产代理有限公司,6000.0
高底薪4000+高提成+季度晋升+带薪培训+协助住宿,杭州华邦房地产代理有限公司,8000.0
房产销售/主管职位等你来战,杭州华邦房地产代理有限公司,6000.0
应届生/销售月薪过万 提供住宿 透明晋升 五险一金,杭州黑格子文化创意有限公司,3000.0
总部直招-17年应届实习/底薪4000/带薪培训/五险一金,杭州樽品文化创意有限公司,4000.0
销售月薪过万 提供住宿 透明晋升 五险一金,杭州盛世传奇标识系统有限公司,4500.0
高薪诚聘销售/房产经纪人/业务员/五险一金/提供住宿,杭州盛世传奇标识系统有限公司,6000.0
高薪诚聘销售/房产经纪人/业务员/五险一金/提供住宿,杭州益计算科技有限公司,6000.0
给你无责底薪4000，你能否翘起高薪的大门,浙江竹石文化传媒有限公司,3000.0
底薪4000+协助住宿-无经验可培训/销售代表/就近上班,浙江竹石文化传媒有限公司,3000.0
17年应届实习/底薪4000/带薪培训/提供住宿，五险一金,杭州中工科技有限公司,12500.0
爱的就是招聘这些事儿,杭州华邦房地产代理有限公司,8000.0
应届实习/0基础师傅带教/无责底薪高提成/多次晋升,杭州华邦房地产代理有限公司,8000.0
储备干部/2018销售应届生+就近安排+五险一金,杭州华邦房地产代理有限公司,6000.0
高薪诚聘销售/房产经纪人/业务员/五险一金/提供住宿,公司名,0
高薪诚聘销售/房产经纪人/业务员/五险一金/提供住宿,杭州华邦房地产代理有限公司,4500.0
应届生/无经验+年轻的领导团队+一对一指导,杭州华邦房地产代理有限公司,4500.0
零基础销售+带薪培训+带薪年假+员工旅游+高提佣,杭州加百列文化创意有限公司,3000.0
高底薪4000+高提成+季度晋升+带薪培训+协助住宿,杭州华邦房地产代理有限公司,7000.0
爱的就是招聘这些事儿,杭州华邦房地产代理有限公司,5000.0
爱的就是招聘这些事儿,杭州华邦房地产代理有限公司,7000.0
爱的就是招聘这些事儿,杭州华邦房地产代理有限公司,8000.0
没错，招的就是你,杭州华邦房地产代理有限公司,8000.0
储备干部/2018销售应届生+就近安排+五险一金,杭州华邦房地产代理有限公司,8000.0
销售代表4000+高提成（月均9600）适合实习生发展,杭州华邦房地产代理有限公司,8000.0
实习生4000底薪+高提成+协助住宿+五险一金+快速晋升,杭州华邦房地产代理有限公司,10000.0
销售代表4000+高提成（月均9600）适合实习生发展,杭州华邦房地产代理有限公司,6000.0
房产销售/月均8000-10000/打造金牌职业经理人,杭州华邦房地产代理有限公司,7000.0
G应届毕业生+无责底薪+五险一金+各种福利,杭州华邦房地产代理有限公司,8000.0
18应届管培生（底薪4000+带薪培训+一对一带教）,杭州华邦房地产代理有限公司,4500.0
给你无责底薪4000，你能否翘起高薪的大门,杭州华邦房地产代理有限公司,6000.0
18年应届实习/底薪4000/带薪培训/提供住宿，五险一金,杭州华邦房地产代理有限公司,8000.0
G-实习销售代表+底薪4K+带薪培训+住宿+五险一金+晋升,杭州华邦房地产代理有限公司,8000.0
高薪诚聘销售/房产经纪人/业务员/五险一金/提供住宿,杭州华邦房地产代理有限公司,10000.0
销售/4K高薪+带薪培训+透明晋升+五险一金+提供住宿,杭州华邦房地产代理有限公司,8000.0
高薪诚聘销售/房产经纪人/业务员/五险一金/提供住宿,杭州华邦房地产代理有限公司,6000.0
销售/无责底薪4000免费培训/晋升快就近分配/五险一金,杭州华邦房地产代理有限公司,7000.0
18应届管培生（底薪4000+带薪培训+一对一带教）,杭州华邦房地产代理有限公司,4500.0
销售月薪过万 提供住宿 透明晋升 五险一金,杭州华邦房地产代理有限公司,4500.0
18年应届实习/底薪4000/带薪培训/提供住宿，五险一金,杭州华邦房地产代理有限公司,4500.0
销售/4K高薪+带薪培训+透明晋升+五险一金+提供住宿,杭州华邦房地产代理有限公司,4500.0
W应届生+实习销售助理+4000底薪+协助住宿,杭州华邦房地产代理有限公司,8000.0
W应届生+实习销售助理+4000底薪+协助住宿,杭州华邦房地产代理有限公司,8000.0
销售/4K高薪+带薪培训+透明晋升+五险一金+提供住宿,杭州华邦房地产代理有限公司,6000.0
高薪诚聘销售/房产经纪人/业务员/五险一金/提供住宿,杭州华邦房地产代理有限公司,8000.0
销售/无责底薪4k/免费培训/晋升快就近分配/五险一金,杭州华邦房地产代理有限公司,8000.0
笕桥招聘少儿美术前台 课程顾问,杭州华邦房地产代理有限公司,6000.0
销售月薪过万 提供住宿 透明晋升 五险一金,杭州华邦房地产代理有限公司,6000.0
18应届管培生（底薪4000+带薪培训+一对一带教）,杭州华邦房地产代理有限公司,6000.0
G应届生+实习销售助理+4000底薪+协助住宿,杭州华邦房地产代理有限公司,8000.0
W应届生+实习销售助理+4000底薪+协助住宿,杭州华邦房地产代理有限公司,8000.0
18应届管培生（底薪4000+带薪培训+一对一带教）,杭州华邦房地产代理有限公司,7000.0
18应届管培生（底薪4000+带薪培训+一对一带教）,杭州华邦房地产代理有限公司,7000.0
销售/4K高薪+带薪培训+透明晋升+五险一金+提供住宿,杭州华邦房地产代理有限公司,8000.0
18应届管培生（底薪4000+带薪培训+一对一带教）,杭州华邦房地产代理有限公司,6000.0
给你无责底薪4000，你能否翘起高薪的大门,杭州华邦房地产代理有限公司,6000.0
高薪诚聘销售/房产经纪人/业务员/五险一金/提供住宿,杭州华邦房地产代理有限公司,8000.0
18应届管培生（底薪4000+带薪培训+一对一带教）,杭州华邦房地产代理有限公司,8000.0
18应届管培生（底薪4000+带薪培训+一对一带教）,杭州华邦房地产代理有限公司,7000.0
W应届生+实习销售助理+4000底薪+协助住宿,杭州华邦房地产代理有限公司,4000.0
房产销售/主管职位等你来战,杭州华邦房地产代理有限公司,4000.0
高薪诚聘销售/房产经纪人/业务员/五险一金/提供住宿,杭州华邦房地产代理有限公司,7000.0
90后销售年轻团队（CBD办公+公寓式住宿）,杭州华邦房地产代理有限公司,8000.0
储备店长/经理+一年4次晋升机会+五险一金+就近分配,杭州华邦房地产代理有限公司,5000.0
储备店长/经理+一年4次晋升机会+五险一金+就近分配,杭州加百列文化创意有限公司,4000.0
没错，招的就是你,公司名,0
爱的就是招聘这些事儿,杭州华邦房地产代理有限公司,8000.0
西湖区高薪茶楼服务员y,杭州华邦房地产代理有限公司,6000.0
y英语老师月薪7k-10k,杭州华邦房地产代理有限公司,4000.0
滨江客服8K销售待遇好y,杭州华邦房地产代理有限公司,4000.0
y英语课程顾问月均10k,杭州华邦房地产代理有限公司,6000.0
4k+诚聘英语客服+双休y（文职）,杭州华邦房地产代理有限公司,6000.0
y滨江售后接听客服社保双休5k+,杭州华邦房地产代理有限公司,10000.0
y滨江售后接听客服社保双休5k+,杭州华邦房地产代理有限公司,6000.0
y滨江售后接听客服社保双休5k+,杭州华邦房地产代理有限公司,6000.0
y滨江售后接听客服社保双休5k+,杭州华邦房地产代理有限公司,8000.0
y滨江售后接听客服社保双休5k+,杭州华邦房地产代理有限公司,6000.0
y滨江售后接听客服社保双休5k+,杭州华邦房地产代理有限公司,6000.0
y英语教材研发双休前景大,杭州华邦房地产代理有限公司,4000.0
y英语老师月薪7k-10k,杭州华邦房地产代理有限公司,7000.0
y英语课程顾问月均10k,杭州华邦房地产代理有限公司,8000.0
y英语课程顾问月均10k,杭州益计算科技有限公司,6000.0
在线英语客服专员Y,杭州华邦房地产代理有限公司,8000.0
4k+诚聘英语客服+双休y（文职）,杭州华邦房地产代理有限公司,8000.0
滨江客服8K销售待遇好y,杭州华邦房地产代理有限公司,4500.0
滨江客服8K销售待遇好y,杭州华邦房地产代理有限公司,4500.0
y英语助教+一金社保7k-10k,杭州华元广告策划有限公司,4500.0
y英语老师月均7k-10k,杭州华元广告策划有限公司,8000.0
y英语课程顾问月均10k,杭州华元广告策划有限公司,8000.0
滨江客服8K销售待遇好y,杭州华元广告策划有限公司,8000.0
y英语老师月薪7k-10k,杭州华元广告策划有限公司,3000.0
五险一金+软件销售y双休,杭州华元广告策划有限公司,6000.0
五险一金+软件销售y双休,杭州华元广告策划有限公司,4500.0
滨江客服8K销售待遇好y,杭州华元广告策划有限公司,4500.0
y英语老师月薪7k-10k,杭州华元广告策划有限公司,4500.0
y电催专员蚂蚁花呗借呗5-9k+包住,杭州华元广告策划有限公司,4500.0
y电催专员5-9k+包住,杭州华元广告策划有限公司,6000.0
y英语老师月均7k-10k,杭州华元广告策划有限公司,4500.0
售后客服+五险一金+双休+无责5k起y,杭州华元广告策划有限公司,8000.0
滨江6k聘教育咨询客服+高晋升y,杭州华元广告策划有限公司,8000.0
西湖区英语在线客服y,杭州华元广告策划有限公司,6000.0
西湖区在线英语客服纯文职y,杭州华元广告策划有限公司,3000.0
8k+双休诚招室内销售y,杭州华元广告策划有限公司,3000.0
西湖区高薪茶楼服务员y,杭州华元广告策划有限公司,8000.0
5k+阿里客服y,杭州华元广告策划有限公司,6000.0
7k+银行催收客服y,杭州华元广告策划有限公司,8000.0
y滨江客服8K+销售待遇好,杭州华元广告策划有限公司,8000.0
滨江客服8K销售待遇好y,杭州华元广告策划有限公司,8000.0
8K+五险一金双休销售y,杭州华元广告策划有限公司,8000.0
8K+五险一金双休销售y,杭州华元广告策划有限公司,8000.0
8k+双休诚招室内销售y,杭州华元广告策划有限公司,6000.0
8k+双休诚招室内销售y,杭州华元广告策划有限公司,6000.0
y江干接听客服双休待遇佳5k+,杭州华元广告策划有限公司,8000.0
y接听客服专员5k+双休社保,杭州华元广告策划有限公司,8000.0
猎头顾问助理实习生（IT/互联网高科技行业组）,杭州华元广告策划有限公司,6000.0
2018来（网销）   钱途无量  只等你来,杭州华元广告策划有限公司,6000.0
活动执行专员,公司名,0
活动执行，体验员,杭州华元广告策划有限公司,8000.0
办公室文员,杭州华元广告策划有限公司,6000.0
网络客服专员,杭州华元广告策划有限公司,6000.0
出纳,杭州华元广告策划有限公司,3000.0
市场专员,杭州华元广告策划有限公司,3000.0
2018年应届实习/底薪4000/带薪培训/住宿，五险一金,杭州华元广告策划有限公司,6000.0
18应届管培生（底薪4000+带薪培训+一对一带教）,杭州华元广告策划有限公司,4500.0
销售月薪过万 提供住宿 透明晋升 五险一金,杭州华元广告策划有限公司,4500.0
管理培训生（底薪4000+带薪培训+一对一带教）,杭州华元广告策划有限公司,8000.0
高薪诚聘销售精英+双休八小时+高提成,杭州华元广告策划有限公司,8000.0
诚聘销售代表+双休八小时+高提成,杭州华元广告策划有限公司,8000.0
诚聘销售精英+双休八小时+高提成,杭州华元广告策划有限公司,6000.0
高薪诚聘销售代表+双休八小时多福利,杭州华元广告策划有限公司,8000.0
高薪诚聘销售精英+双休八小时多福利,杭州华元广告策划有限公司,6000.0
高薪诚聘销售精英+双休八小时,杭州华元广告策划有限公司,6000.0
高薪诚聘销售代表+双休八小时,杭州华元广告策划有限公司,4500.0
高薪诚聘销售精英双休多福利,杭州华元广告策划有限公司,4500.0
知名摄影公司招销售顾问电话销售+双休八小时,杭州讯升企业管理咨询有限公司,2500.0
招销售代表电话销售+双休八小时+无经验可培养,杭州益计算科技有限公司,8000.0
摄影公司急招销售代表电话销售,杭州谷雨网络科技有限公司,3000.0
Z滨江诚招销售双休+可实习6K+,杭州谷雨网络科技有限公司,3000.0
Z滨江诚招销售双休+可实习6K+,杭州谷雨网络科技有限公司,3000.0
Z滨江诚招销售双休+可实习6K+,杭州谷雨网络科技有限公司,3000.0
Z滨江诚招销售双休+可实习6K+,杭州谷雨网络科技有限公司,3000.0
Z跨境电商急招采购可实习,上海宝劲房地产经纪有限公司,4500.0
4300+双休英语客服Z,杭州华邦房地产代理有限公司,6000.0
4300+双休英语客服Z,杭州华邦房地产代理有限公司,6000.0
4300+双休英语客服Z,杭州华邦房地产代理有限公司,8000.0
4300+双休英语客服Z,杭州华邦房地产代理有限公司,6000.0
Z西湖区电商外贸客服可实习,杭州奥创网络科技有限公司,3000.0
Z西湖区电商英语客服可实习,杭州奥创网络科技有限公司,3000.0
Z西湖区电商外贸客服可实习,杭州奥创网络科技有限公司,3000.0
Z西湖区电商外贸客服可实习,杭州奥创网络科技有限公司,4000.0
Z连锁便利店招营业员,杭州奥创网络科技有限公司,4000.0
Z滨江6k+诚聘课程顾问,杭州奥创网络科技有限公司,4000.0
Z英语老师月均7k+社保双休,杭州奥创网络科技有限公司,4000.0
Z滨江6k+诚聘课程顾问,杭州奥创网络科技有限公司,4000.0
Z英语老师月均7-10k+社保双休,杭州奥创网络科技有限公司,4000.0
转行销售无责4000+师傅带教+提成高+晋升快,杭州奥创网络科技有限公司,4000.0
少儿STEAM科学实验培训讲师,杭州奥创网络科技有限公司,4000.0
转行销售无责4000+师傅带教+提成高+晋升快,杭州华元广告策划有限公司,6000.0
18应届管培生（底薪4000+带薪培训+一对一带教）,杭州华元广告策划有限公司,6000.0
江干区笕桥  美术老师,杭州华元广告策划有限公司,6000.0
高薪诚聘销售/房产经纪人/业务员/五险一金/提供住宿,杭州华元广告策划有限公司,6000.0
微博微信广告推广,杭州华元广告策划有限公司,3800.0
销售助理（可实习）,杭州华元广告策划有限公司,4300.0
储备干部/2018销售应届生+就近安排+五险一金,杭州华元广告策划有限公司,4300.0
实习生4000底薪+高提成+协助住宿+五险一金+快速晋升,杭州华元广告策划有限公司,4300.0
转行销售无责4000+师傅带教+提成高+晋升快,杭州华元广告策划有限公司,4300.0
高底薪4000+高提成+季度晋升+带薪培训+协助住宿,杭州华元广告策划有限公司,4300.0
电话客户联系员,公司名,0
高薪诚聘优秀应届生底薪4000+五险一金+协助住宿,杭州华元广告策划有限公司,4300.0
房产销售/主管职位等你来战,杭州华元广告策划有限公司,4300.0
手机直播/网络直播,杭州华元广告策划有限公司,4300.0
花椒直播8000+,杭州华元广告策划有限公司,4000.0
女主播,杭州华元广告策划有限公司,6000.0
直播,杭州华元广告策划有限公司,8000.0
花椒直播8000+,杭州华元广告策划有限公司,6000.0
花椒直播,杭州华元广告策划有限公司,8000.0
手机直播主播,杭州华邦房地产代理有限公司,6000.0
手机直播主播,宁波海曙苏西文化传播有限公司,5000.0
CAD设计师,杭州华邦房地产代理有限公司,6000.0
化妆师助理,杭州华邦房地产代理有限公司,6000.0
储备干部（应届毕业生）,杭州加百列文化创意有限公司,3000.0
客户服务专员,杭州华邦房地产代理有限公司,10000.0
房产销售/主管职位等你来战,杭州卡赛科技有限公司,4500.0
房产销售/主管职位等你来战,杭州卡赛科技有限公司,4000.0
转行销售无责4000+师傅带教+提成高+晋升快,杭州华邦房地产代理有限公司,8000.0
G应届生+实习销售助理+4000底薪+协助住宿,杭州华邦房地产代理有限公司,6000.0
豪世华邦、终极荣耀、置业顾问,杭州华邦房地产代理有限公司,6000.0
18应届管培生（底薪4000+带薪培训+一对一带教）,杭州华邦房地产代理有限公司,7000.0
高底薪4000+高提成+季度晋升+带薪培训+协助住宿,杭州育享电子商务有限公司,6000.0
W应届生+实习销售助理+4000底薪+协助住宿,杭州华邦房地产代理有限公司,6000.0
销售/4K高薪+带薪培训+透明晋升+五险一金+提供住宿,杭州华邦房地产代理有限公司,8000.0
销售/4K高薪+带薪培训+透明晋升+五险一金+提供住宿,浙江睿墨文化传媒有限公司,6000.0
销售月薪过万 提供住宿 透明晋升 五险一金,浙江睿墨文化传媒有限公司,8000.0
高薪诚聘销售/房产经纪人/业务员/五险一金/提供住宿,浙江睿墨文化传媒有限公司,10000.0
18年应届实习/底薪4000/带薪培训/提供住宿，五险一金,浙江睿墨文化传媒有限公司,10000.0
18应届管培生（底薪4000+带薪培训+一对一带教）,浙江睿墨文化传媒有限公司,8000.0
英语老师月均7-10k+双休+五险一金,浙江睿墨文化传媒有限公司,8000.0
课程顾问月均1w+双休+五险一金,浙江睿墨文化传媒有限公司,8000.0
英语班顾问月均1w+双休+五险一金,浙江睿墨文化传媒有限公司,8000.0
英语班顾问月均1w+双休+五险一金,杭州水秀文化创意发展有限公司,6000.0
英语班顾问月均1w+双休+五险一金,杭州金夫人摄影服务有限公司,2000.0
英语班主任月均7-10k+双休+五险一金,杭州美新信息技术有限公司,4500.0
英语班主任月均7-10k+双休+五险一金,杭州美新信息技术有限公司,4500.0
英语班主任月均7-10k+双休+五险一金,杭州华邦房地产代理有限公司,8000.0
英语班主任月均7-10k+双休+五险一金,杭州华邦房地产代理有限公司,8000.0
英语老师月均7-10k+双休+五险一金,杭州华邦房地产代理有限公司,6000.0
英语老师月均7-10k+双休+五险一金,杭州华邦房地产代理有限公司,4000.0
招生顾问月均1w+双休+五险一金,杭州华邦房地产代理有限公司,7000.0
招生顾问月均1w+双休+五险一金,杭州华邦房地产代理有限公司,6000.0
课程顾问月均1w+双休+五险一金,杭州华邦房地产代理有限公司,7000.0
课程顾问月均1w+双休+五险一金,杭州华邦房地产代理有限公司,4000.0
高薪诚聘优秀应届生底薪4000+五险一金+协助住宿,杭州华邦房地产代理有限公司,7000.0
给你无责底薪4000，你能否翘起高薪的大门,杭州华邦房地产代理有限公司,7000.0
房产销售/主管职位等你来战,杭州华邦房地产代理有限公司,8000.0
管理培训生（底薪4000+带薪培训+一对一带教）,杭州华邦房地产代理有限公司,8000.0
高薪精英销售+月入10000-15000+家门口上班+五险一金,杭州华邦房地产代理有限公司,8000.0
转行销售无责4000+师傅带教+提成高+晋升快,杭州华邦房地产代理有限公司,5900.0
电话客服TMK,杭州腾通企业管理咨询有限公司,7000.0
会展会议活动销售,公司名,0
实习设计师,杭州腾通企业管理咨询有限公司,10000.0
网校专员（保底工资+提成+双休+五险一金）,杭州腾通企业管理咨询有限公司,10000.0
电工,杭州腾通企业管理咨询有限公司,10000.0
地产广告――实习生,杭州腾通企业管理咨询有限公司,10000.0
W应届生+实习销售助理+4000底薪+协助住宿,杭州腾通企业管理咨询有限公司,7000.0
无经验转行销售（底薪4000+带薪培训+一对一带教）,杭州腾通企业管理咨询有限公司,7000.0
18应届管培生（底薪4000+带薪培训+一对一带教）,杭州腾通企业管理咨询有限公司,7000.0
18年应届实习/底薪4000/带薪培训/提供住宿，五险一金,杭州腾通企业管理咨询有限公司,7000.0
销售月薪过万 提供住宿 透明晋升 五险一金,杭州腾通企业管理咨询有限公司,7000.0
高薪诚聘销售/房产经纪人/业务员/五险一金/提供住宿,杭州腾通企业管理咨询有限公司,7000.0
销售/4K高薪+带薪培训+透明晋升+五险一金+提供住宿,杭州腾通企业管理咨询有限公司,10000.0
高薪诚聘销售/房产经纪人/业务员/五险一金/提供住宿,杭州腾通企业管理咨询有限公司,10000.0
主播经纪人,杭州腾通企业管理咨询有限公司,10000.0
j西湖跨境电商招采购可实习,杭州腾通企业管理咨询有限公司,10000.0
j连锁便利店招营业员就近安排,杭州华邦房地产代理有限公司,6000.0
j西湖跨境电商招采购可实习,杭州华邦房地产代理有限公司,8000.0
j外婆家包吃住招服务员就近安排,杭州华邦房地产代理有限公司,8000.0
j连锁便利店招营业员就近安排,杭州华邦房地产代理有限公司,6000.0
j连锁便利店招营业员可实习,杭州华邦房地产代理有限公司,10000.0
j百丽鞋业双休高薪招导购,杭州华邦房地产代理有限公司,6000.0
j丁香园诚招销售双休+实习6K+,杭州东书教育咨询有限公司,4500.0
j银行电催专员+月均5-9k+社保,杭州浙屹展览展示有限公司,6666.666666666666
j鲜生活无人便利店急招营业员,杭州浙屹展览展示有限公司,2000.0
j连锁便利店招营业员可实习,北京中公教育科技股份有限公司,4000.0
江干区5k+聘银行客服j,杭州唯秀娱乐管理有限公司,3000.0
江干区5k+聘银行客服j,杭州微鲸文化创意有限公司,1500.0
j连锁便利店招营业员就近安排,杭州华邦房地产代理有限公司,4000.0
江干区5k+聘阿里客服j,杭州华邦房地产代理有限公司,6000.0
j电催专员蚂蚁金服+月均5-9k+社保,杭州华邦房地产代理有限公司,6000.0
j外婆家包吃住招服务员就近安排,杭州华邦房地产代理有限公司,6000.0
G应届生+实习销售助理+4000底薪+协助住宿,杭州华邦房地产代理有限公司,8000.0
视频剪辑（实习岗）,杭州华邦房地产代理有限公司,8000.0
18应届管培生（底薪4000+带薪培训+一对一带教）,杭州华邦房地产代理有限公司,7000.0
高底薪4000+高提成+季度晋升+带薪培训+协助住宿,杭州华邦房地产代理有限公司,6000.0
销售/4K高薪+带薪培训+透明晋升+五险一金+提供住宿,成都华星兄弟文化传媒有限公司,8000.0
G应届生+实习销售助理+4000底薪+协助住宿,杭州华元广告策划有限公司,3800.0
销售/4K高薪+带薪培训+透明晋升+五险一金+提供住宿,杭州华元广告策划有限公司,4000.0
广告销售,杭州华元广告策划有限公司,3800.0
大客户代表,杭州华元广告策划有限公司,3500.0
新媒体运营实习生,杭州华元广告策划有限公司,4000.0
媒体资源拓展,杭州华元广告策划有限公司,4000.0
微博推广,杭州华元广告策划有限公司,3500.0
出纳,杭州华元广告策划有限公司,6000.0
（急聘、补贴）外场执行,杭州华元广告策划有限公司,5000.0
电话销售,杭州华元广告策划有限公司,3000.0
销售代表（高薪+双休+七险一金）,杭州华元广告策划有限公司,4000.0
市场专员,杭州华元广告策划有限公司,5000.0
后期制作,杭州华元广告策划有限公司,5000.0
急聘各种风格试衣模特,杭州华元广告策划有限公司,4000.0
调查员/文员,杭州华元广告策划有限公司,5000.0
高薪诚聘优秀应届生底薪4000+五险一金+协助住宿,公司名,0
给你无责底薪4000，你能否翘起高薪的大门,杭州华元广告策划有限公司,5000.0
转行销售无责4000+师傅带教+提成高+晋升快,杭州华元广告策划有限公司,3500.0
高薪精英销售+月入10000-15000+家门口上班+五险一金,杭州华邦房地产代理有限公司,4000.0
寻人启事/房产销售精英50名 有胆就来,杭州索星文化创意有限公司,3000.0
给你无责底薪4000，你能否翘起高薪的大门,杭州华邦房地产代理有限公司,6000.0
益乐、骆家庄房产销售底薪4000+五险一金+协助住宿,杭州华邦房地产代理有限公司,7000.0
转行销售无责4000+师傅一对一带教+专业培训+高提成,杭州华邦房地产代理有限公司,7000.0
人事实习生,杭州华邦房地产代理有限公司,4000.0
礼仪模特/平面模特,杭州华邦房地产代理有限公司,7000.0
客服专员,杭州新麦科技有限公司,6000.0
网络/在线销售,杭州新麦科技有限公司,6000.0
销售专员,杭州孩事儿教育科技有限公司,2000.0
销售储备干部,分众传媒,5000.0
二次元+动漫服装版师助理,杭州索星文化创意有限公司,4000.0
二次元+面辅料采购助理,杭州索星文化创意有限公司,3000.0
二次元+板房助理板房文员,杭州伊兰营销策划有限公司,4500.0
动漫-场景原画师,杭州蓝鲸文化传媒有限公司,6000.0
证券事务代表助理,浙江天下网商网络传媒有限公司,15000.0
人力资源专员,杭州支鑫广告策划有限公司,8000.0
二次元-服装跟单QC助理,杭州磐景智造文化创意有限公司,6000.0
动漫-三维分镜（实习）,杭州百闻文化传媒有限公司,7040.0
全职幼儿英语家教,杭州景行知识产权代理有限公司,3000.0
动漫-角色特效师（毛发布料）,杭州华邦房地产代理有限公司,6000.0
动漫-模型师,杭州华邦房地产代理有限公司,8000.0
动漫-编剧,杭州华邦房地产代理有限公司,6000.0
动漫-分镜师,杭州华邦房地产代理有限公司,10000.0
产品结构工程师（应届生）,杭州华邦房地产代理有限公司,6000.0
产品结构设计（实习生）,杭州华邦房地产代理有限公司,8000.0
产品外观设计师（应届大学生）,杭州华邦房地产代理有限公司,6000.0
工业设计师（应届生）,杭州华邦房地产代理有限公司,6000.0
产品外观设计师（应届大学生）,坐望文化集团,2000.0
耽美编辑,杭州百闻文化传媒有限公司,15000.0
耽美文学频道编辑,杭州刻度标识设计制作有限公司,3000.0
主播声乐表演培训老师,杭州跟屁虫影视有限公司,6000.0
直播运营/网红运营/经纪人/星探,杭州跟屁虫影视有限公司,6000.0
主播/网络主播/手机主播（底薪提成+奖金+年长假）,杭州铭伦广告有限公司,3000.0
网络主播，歌手,美盛文化创意股份有限公司,3000.0
客服专员,美盛文化创意股份有限公司,3000.0
招生老师,美盛文化创意股份有限公司,3000.0
客服,美盛文化创意股份有限公司,3000.0
总经理助理,美盛文化创意股份有限公司,4500.0
助教,美盛文化创意股份有限公司,4000.0
文案策划（接受大四实习生）,美盛文化创意股份有限公司,3000.0
手绘师,美盛文化创意股份有限公司,1500.0
办公室文员精修编辑,美盛文化创意股份有限公司,6000.0
新媒体运营专员,美盛文化创意股份有限公司,3000.0
运营专员,美盛文化创意股份有限公司,4000.0
水吧服务员,美盛文化创意股份有限公司,3000.0
影城市场专员/市场助理,美盛文化创意股份有限公司,3000.0
影城场务,杭州驰野工业产品设计有限公司,3500.0
***网拍,公司名,0
高底薪4000+高提成+季度晋升+带薪培训+协助住宿,杭州驰野工业产品设计有限公司,3500.0
销售实习生底薪4000+五险一金+协助住宿+出国旅游,杭州驰野工业产品设计有限公司,4000.0
给你无责底薪4000，你能否翘起高薪的大门,杭州驰野工业产品设计有限公司,3500.0
房产销售/主管职位等你来战,杭州驰野工业产品设计有限公司,3500.0
西湖区高薪茶楼服务员H,杭州樱熊网络科技有限公司,4000.0
西湖区高薪茶楼服务员H,杭州樱熊网络科技有限公司,4000.0
西湖区高薪茶楼服务员H,杭州昂扬传媒有限公司,10000.0
5k阿里客服H,杭州来聚网络科技有限公司,3000.0
H英语老师月薪7k-10k,杭州来聚网络科技有限公司,3000.0
H英语老师月薪7k-10k,杭州来聚网络科技有限公司,4500.0
H滨江售后接听客服社保双休5k+,杭州大弧度商务咨询有限公司,4500.0
H滨江售后接听客服社保双休5k+,汇道体育科技（杭州）有限公司,5000.0
H英语老师月薪7k-10k,汇道体育科技（杭州）有限公司,3000.0
H英语老师月薪7k-10k,汇道体育科技（杭州）有限公司,5000.0
H英语老师月薪7k-10k,汇道体育科技（杭州）有限公司,3000.0
4k+诚聘英语客服+双休H（文职）,杭州麦扑文化创意有限公司,2000.0
4k+诚聘英语客服+双休H（文职）,杭州麦扑文化创意有限公司,4000.0
4k+诚聘英语客服+双休H（文职）,杭州醉蝶文化创意有限公司,4500.0
H英语老师月薪7k-10k,杭州醉蝶文化创意有限公司,3500.0
4k+诚聘英语客服+双休H（文职）,杭州广桥集客网络技术有限公司,8000.0
H江干接听客服双休待遇佳5k+,杭州传奇泰丽电影院有限公司,3000.0
滨江客服8K销售待遇好H,杭州传奇泰丽电影院有限公司,3000.0
H英语课程顾问月均10k,杭州传奇泰丽电影院有限公司,2000.0
H英语教材研发双休前景大,杭州百闻文化传媒有限公司,0
H滨江售后接听客服社保双休5k+,杭州华邦房地产代理有限公司,6000.0
高薪聘请销售,杭州华邦房地产代理有限公司,6000.0
销售代表,杭州华邦房地产代理有限公司,8000.0
期刊编辑,杭州华邦房地产代理有限公司,8000.0
前台行政助理,杭州华元广告策划有限公司,4500.0
平面设计,杭州华元广告策划有限公司,4500.0
高薪销售精英,杭州华元广告策划有限公司,4500.0
房产销售/主管职位等你来战,杭州华元广告策划有限公司,4500.0
特聘房产经纪人，月薪过万，打造黄金职业经理人,杭州华元广告策划有限公司,8000.0
高薪诚聘优秀应届生底薪4000+五险一金+协助住宿,杭州华元广告策划有限公司,8000.0
高薪诚聘优秀应届生底薪4000+五险一金+协助住宿,杭州华元广告策划有限公司,4500.0
高薪诚聘优秀应届生底薪4000+五险一金+协助住宿,杭州华元广告策划有限公司,4500.0
特聘房产经纪人，月薪过万，打造黄金职业经理人,杭州华元广告策划有限公司,8000.0
美术老师,杭州华元广告策划有限公司,8000.0
文员,杭州华元广告策划有限公司,8000.0
主持助教,杭州华元广告策划有限公司,3000.0
平面设计师,杭州华元广告策划有限公司,3000.0
下沙招人事行政专员,杭州华元广告策划有限公司,3000.0
下沙招人事行政专员,杭州华元广告策划有限公司,8000.0
新人男女试衣模特可微胖,杭州华元广告策划有限公司,3000.0
潮流服装街拍平面试衣模特,杭州华元广告策划有限公司,4500.0
彩妆+试衣+礼仪模特,杭州华元广告策划有限公司,8000.0
试衣模特,杭州华元广告策划有限公司,8000.0
网拍模特直招日结男女不限,杭州华元广告策划有限公司,4500.0
汽车自媒体运营活动策划经理,杭州华元广告策划有限公司,4500.0
汽车自媒体运营活动策划经理,杭州廷邦文化创意有限公司,8000.0
销售（底薪4100+提成）（杭州）,公司名,0
应届毕业生专招，无需经验（杭州）,杭州廷邦文化创意有限公司,8000.0
应届毕业生专招，无需经验（杭州）,浙江中汽会展有限公司,3000.0
转行销售无责4000+师傅带教+提成高+晋升快,杭州大略广告有限公司,2000.0
高薪诚聘优秀应届生底薪4000+五险一金+协助住宿,杭州大略广告有限公司,3000.0
转行销售无责4000+师傅带教+提成高+晋升快,杭州四为信息技术有限公司,8000.0
招聘专员底薪4000+五险一金+出国旅游,杭州华邦房地产代理有限公司,8000.0
销售（底薪4100+提成）（杭州）,杭州华邦房地产代理有限公司,8000.0
应届毕业生专招，无需经验（杭州）,杭州华邦房地产代理有限公司,6000.0
销售（底薪4100+提成）（杭州）,杭州华邦房地产代理有限公司,6000.0
转行销售无责4000+师傅带教+提成高+晋升快,杭州华邦房地产代理有限公司,6000.0
房产销售/主管职位等你来战,杭州华邦房地产代理有限公司,8000.0
高薪诚聘优秀应届生底薪4000+五险一金+协助住宿,杭州画佳教育咨询有限公司,3000.0
高薪诚聘优秀应届生底薪4000+五险一金+协助住宿,杭州禾智文化创意有限公司,3000.0
影视剪辑师,杭州禾智文化创意有限公司,4500.0
急聘业务员,杭州多艺科技有限公司,4000.0
平面设计助理,杭州廷邦文化创意有限公司,5000.0
采购/产品助理,杭州廷邦文化创意有限公司,3500.0
保育员,杭州百闻文化传媒有限公司,10120.0
美工设计专员,杭州百闻文化传媒有限公司,10000.0
市场专员,杭州百闻文化传媒有限公司,10000.0
行政助理,杭州百闻文化传媒有限公司,7920.0
平面设计师,杭州百闻文化传媒有限公司,15000.0
平面设计师,湖州爱油广告有限公司,6000.0
销售（底薪4100+提成）（杭州）,湖州爱油广告有限公司,6000.0
行政人事（杭州）,北京华兴汇河文化交流有限公司,4100.0
应届毕业生专招，无需经验（杭州）,北京华兴汇河文化交流有限公司,4000.0
伊黛希美妆招新娘化妆学徒分配就业,北京华兴汇河文化交流有限公司,4000.0
伊黛希美妆招化妆学徒,杭州华邦房地产代理有限公司,6000.0
伊黛希美妆招化妆学徒,杭州华邦房地产代理有限公司,6000.0
新媒体销售专员,杭州华邦房地产代理有限公司,6000.0
新媒体策划专员,杭州华邦房地产代理有限公司,4500.0
新媒体咨询,北京华兴汇河文化交流有限公司,4100.0
新媒体销售专员,北京华兴汇河文化交流有限公司,4000.0
媒体销售专员,北京华兴汇河文化交流有限公司,4100.0
媒体销售专员,杭州华邦房地产代理有限公司,6000.0
媒介执行,杭州华邦房地产代理有限公司,8000.0
渠道销售专员,杭州华邦房地产代理有限公司,6000.0
网络销售专员,杭州华邦房地产代理有限公司,6000.0
电话销售,杭州乐派文化创意有限公司,4500.0
媒介销售,杭州众炎文化创意有限公司,8000.0
互联网销售专员,杭州众炎文化创意有限公司,2000.0
销售代表,瓷游记（杭州）文化传播有限责任公司,4500.0
市场销售助理,杭州柚子树教育咨询有限公司,3000.0
诚聘网络销售（挑战高薪酬待遇）,浙江文泓地产营销代理有限公司,5000.0
销售专员,浙江文泓地产营销代理有限公司,4500.0
诚聘销售人员（高薪酬，福利好，氛围好）,杭州彼颜文化创意有限公司,3000.0
互联网销售,杭州彼颜文化创意有限公司,3000.0
网络销售助理,杭州华铮会展服务有限公司,3000.0
网络客服,北京华兴汇河文化交流有限公司,4100.0
媒介专员,北京华兴汇河文化交流有限公司,3100.0
销售专员,公司名,0
网络销售,北京华兴汇河文化交流有限公司,4000.0
商务助理,杭州伊黛希文化创意有限公司,6000.0
销售专员,杭州伊黛希文化创意有限公司,2000.0
行政前台 朝九晚五 周末双休,杭州伊黛希文化创意有限公司,2000.0
销售顾问销售员,杭州凌平科技有限公司,8000.0
销售（底薪4100+提成）（杭州）,杭州凌平科技有限公司,8000.0
应届毕业生专招，无需经验（杭州）,杭州凌平科技有限公司,4500.0
行政人事（杭州）,杭州凌平科技有限公司,10000.0
伊黛希招化妆学徒,杭州凌平科技有限公司,10000.0
行政助理,杭州凌平科技有限公司,8000.0
销售（底薪4100+提成）（杭州）,杭州凌平科技有限公司,4500.0
销售（底薪4100+提成）（杭州）,杭州凌平科技有限公司,10000.0
应届毕业生专招，无需经验（杭州）,杭州凌平科技有限公司,10000.0
行政人事（杭州）,杭州凌平科技有限公司,10000.0
栏目编辑（心理健康自媒体）,杭州凌平科技有限公司,4500.0
媒体宣发专员,杭州凌平科技有限公司,8000.0
会展销售,杭州凌平科技有限公司,10000.0
会展销售,杭州凌平科技有限公司,6000.0
人事专员,杭州凌平科技有限公司,10000.0
诚聘课程顾问/销售高提成高福利年薪10w起,杭州凌平科技有限公司,8000.0
诚聘课程顾问高提成高福利年薪10w起,杭州凌平科技有限公司,10000.0
诚聘课程顾问\销售高提成高福利年薪10w起,杭州凌平科技有限公司,8000.0
诚聘课程顾问/销售高提成高福利年薪10w起,杭州凌平科技有限公司,6000.0
诚聘课程顾问\销售高提成高福利年薪10w起,杭州凌平科技有限公司,4500.0
编导,杭州凌平科技有限公司,4500.0
平台维护运营专员（客服优先）,杭州凌平科技有限公司,10000.0
文员,杭州凌平科技有限公司,10000.0
销售（底薪4100+提成）（杭州）,杭州凌平科技有限公司,4500.0
应届毕业生专招，无需经验（杭州）,杭州凌平科技有限公司,8000.0
行政人事（杭州）,浙江天映影视传媒有限公司,3500.0
年后面试，等的就是你,杭州铭伦广告有限公司,8000.0
招聘专员底薪4000+五险一金+出国旅游,北京华兴汇河文化交流有限公司,4100.0
网络在线销售客服专员/业务员/微信QQ销售业务助理,北京华兴汇河文化交流有限公司,4000.0
经理助理，办公室文员，业务助理，内勤人事招聘,北京华兴汇河文化交流有限公司,3100.0
高底薪4000+高提成+季度晋升+带薪培训+协助住宿,杭州伊黛希文化创意有限公司,4500.0
转行销售无责4000+师傅带教+提成高+晋升快,温州无料文化传媒有限公司,3000.0
高底薪4000+高提成+季度晋升+带薪培训+协助住宿,北京华兴汇河文化交流有限公司,4100.0
高薪精英销售+月入10000-15000+家门口上班+五险一金,北京华兴汇河文化交流有限公司,4100.0
房产销售/主管职位等你来战,北京华兴汇河文化交流有限公司,4000.0
招聘专员底薪4000+五险一金+出国旅游,北京华兴汇河文化交流有限公司,3100.0
高薪诚聘优秀应届生底薪4000+五险一金+协助住宿,杭州纳视文化创意有限公司,6000.0
转行销售无责4000+师傅带教+提成高+晋升快,杭州纳视文化创意有限公司,4500.0
销售（底薪4100+提成）（杭州）,湖州爱油广告有限公司,4000.0
应届毕业生专招，无需经验（杭州）,湖州爱油广告有限公司,4000.0
行政人事（杭州）,杭州乐派文化创意有限公司,2000.0
房产销售/主管职位等你来战,杭州市拱墅区匠福文化艺术工作室,8333.333333333334
给你无责底薪4000，你能否翘起高薪的大门,杭州市拱墅区匠福文化艺术工作室,8333.333333333334
招聘专员底薪4000+五险一金+出国旅游,杭州市拱墅区匠福文化艺术工作室,8333.333333333334
转行销售无责4000+师傅带教+提成高+晋升快,杭州市拱墅区匠福文化艺术工作室,8333.333333333334
销售（底薪4100+提成）（杭州）,杭州市拱墅区匠福文化艺术工作室,8333.333333333334
应届毕业生专招，无需经验（杭州）,公司名,0
行政人事（杭州）,杭州西元广告有限公司,5000.0
转行销售无责4000+师傅带教+提成高+晋升快,杭州时彩科技有限公司,3500.0
高薪诚聘优秀应届生底薪4000+五险一金+协助住宿,杭州百闻文化传媒有限公司,4500.0
给你无责底薪4000，你能否翘起高薪的大门,北京华兴汇河文化交流有限公司,4100.0
房产销售/主管职位等你来战,北京华兴汇河文化交流有限公司,4000.0
给你无责底薪4000，你能否翘起高薪的大门,北京华兴汇河文化交流有限公司,3100.0
媒介策划,杭州华邦房地产代理有限公司,6000.0
销售（底薪4100+提成）（杭州）,杭州华邦房地产代理有限公司,4500.0
应届毕业生专招，无需经验（杭州）,杭州奥彩装饰设计有限公司,4000.0
行政人事（杭州）,杭州奥彩装饰设计有限公司,3000.0
写真机操作技师,杭州华邦房地产代理有限公司,6000.0
广告后期制作（写真/雕刻）,杭州华邦房地产代理有限公司,6000.0
年后面试，等的就是你,杭州华邦房地产代理有限公司,6000.0
房产销售/主管职位等你来战,杭州华邦房地产代理有限公司,10000.0
mg 动画师 flash动画  动漫动画设计,杭州华邦房地产代理有限公司,8000.0
影视后期特效制作,杭州华邦房地产代理有限公司,4500.0
年后面试，等的就是你,杭州华邦房地产代理有限公司,6000.0
行政人事（杭州）,杭州华邦房地产代理有限公司,6000.0
应届毕业生专招，无需经验（杭州）,北京华兴汇河文化交流有限公司,4100.0
销售（底薪4100+提成）（杭州）,北京华兴汇河文化交流有限公司,4000.0
高薪诚聘优秀应届生底薪4000+五险一金+协助住宿,北京华兴汇河文化交流有限公司,3100.0
销售实习生底薪4000+五险一金+协助住宿+出国旅游,杭州华邦房地产代理有限公司,8000.0
转行销售无责4000+师傅带教+提成高+晋升快,杭州华邦房地产代理有限公司,8000.0
会展专员（男生优先）,杭州华邦房地产代理有限公司,4500.0
寻人启事/房产销售精英50名 有胆就来,杭州华邦房地产代理有限公司,6000.0
高底薪4000+高提成+季度晋升+带薪培训+协助住宿,北京华兴汇河文化交流有限公司,4100.0
行政人事（杭州）,北京华兴汇河文化交流有限公司,4000.0
应届毕业生专招，无需经验（杭州）,北京华兴汇河文化交流有限公司,3100.0
销售（底薪4100+提成）（杭州）,杭州华邦房地产代理有限公司,6000.0
转行销售无责4000+师傅带教+提成高+晋升快,杭州华邦房地产代理有限公司,6000.0
转行销售无责4000+师傅带教+提成高+晋升快,杭州华邦房地产代理有限公司,8000.0
销售（底薪4100+提成）（杭州）,杭州华邦房地产代理有限公司,8000.0
应届毕业生专招，无需经验（杭州）,杭州华邦房地产代理有限公司,8000.0
行政人事（杭州）,杭州含章文化传播有限公司,4500.0
转行销售无责4000+师傅带教+提成高+晋升快,北京华兴汇河文化交流有限公司,4100.0
房产销售/主管职位等你来战,北京华兴汇河文化交流有限公司,4000.0
前端开发工程师,北京华兴汇河文化交流有限公司,3100.0
销售实习生底薪4000+五险一金+协助住宿+出国旅游,杭州航悦广告策划有限公司,4500.0
管理培训生（底薪4000+带薪培训+一对一带教）,杭州航悦广告策划有限公司,4500.0
寻人启事/房产销售精英50名 有胆就来,杭州华邦房地产代理有限公司,6000.0
房产销售/主管职位等你来战,杭州华邦房地产代理有限公司,8000.0
销售实习生底薪4000+五险一金+协助住宿+出国旅游,杭州西元广告有限公司,4000.0
转行销售无责4000+师傅带教+提成高+晋升快,杭州西元广告有限公司,4000.0
给你无责底薪4000，你能否翘起高薪的大门,杭州华邦房地产代理有限公司,6000.0
转行销售无责4000+师傅带教+提成高+晋升快,北京华兴汇河文化交流有限公司,3100.0
房产销售/主管职位等你来战,北京华兴汇河文化交流有限公司,4000.0
转行销售无责4000+师傅带教+提成高+晋升快,北京华兴汇河文化交流有限公司,4100.0
女频责编,杭州华邦房地产代理有限公司,6000.0
女频责编,杭州华邦房地产代理有限公司,6000.0
销售（底薪4100+提成）（杭州）,杭州华邦房地产代理有限公司,6000.0
行政人事（杭州）,公司名,0
应届毕业生专招，无需经验（杭州）,杭州景江商务会展服务有限公司,3000.0
房产销售/主管职位等你来战,杭州华邦房地产代理有限公司,6000.0
诚聘优秀应届生底薪4000+储备干部+协助住宿+出国旅游,杭州华邦房地产代理有限公司,6000.0
销售实习生底薪4000+五险一金+协助住宿+出国旅游,北京华兴汇河文化交流有限公司,3100.0
房产销售/主管职位等你来战,北京华兴汇河文化交流有限公司,4000.0
高薪精英销售+月入10000-15000+家门口上班+五险一金,北京华兴汇河文化交流有限公司,4100.0
房产销售/主管职位等你来战,杭州华邦房地产代理有限公司,6000.0
给你无责底薪4000，你能否翘起高薪的大门,杭州华邦房地产代理有限公司,6000.0
行政人事（杭州）,北京华兴汇河文化交流有限公司,4100.0
销售（底薪4100+提成）（杭州）,北京华兴汇河文化交流有限公司,4000.0
应届毕业生专招，无需经验（杭州）,北京华兴汇河文化交流有限公司,3100.0
送货司机,杭州华邦房地产代理有限公司,6000.0
转行销售无责4000+师傅带教+提成高+晋升快,杭州华邦房地产代理有限公司,8000.0
销售实习生底薪4000+五险一金+协助住宿+出国旅游,杭州樱熊网络科技有限公司,8000.0
房产销售/主管职位等你来战,杭州华邦房地产代理有限公司,6000.0
销售实习生+协助住宿+出国旅游,杭州华邦房地产代理有限公司,6000.0
办公室文员出纳,杭州华邦房地产代理有限公司,6000.0
商务会议操作专员,杭州华邦房地产代理有限公司,8000.0
会议旅游操作,杭州华邦房地产代理有限公司,6000.0
商务会议全程管理人员（导游 优先）,杭州华邦房地产代理有限公司,6000.0
国际会展销售内勤（无责底薪+提成+双休）,杭州华邦房地产代理有限公司,8000.0
运营助理,杭州华邦房地产代理有限公司,6000.0
第三方助理,杭州华邦房地产代理有限公司,8000.0
运营助理,杭州华邦房地产代理有限公司,6000.0
行政文员,杭州樱熊网络科技有限公司,4000.0
影视改编频道编辑,杭州樱熊网络科技有限公司,4000.0
二次元小说编辑,北京华兴汇河文化交流有限公司,4100.0
运营助理,北京华兴汇河文化交流有限公司,3100.0
女频责编,北京华兴汇河文化交流有限公司,4000.0
销售实习生底薪4000+五险一金+协助住宿+出国旅游,杭州华邦房地产代理有限公司,8000.0
转行销售无责4000+师傅带教+提成高+晋升快,杭州华邦房地产代理有限公司,6000.0
房产销售/主管职位等你来战,杭州华邦房地产代理有限公司,6000.0
房产销售/主管职位等你来战,杭州华邦房地产代理有限公司,8000.0
房产销售/主管职位等你来战,杭州华邦房地产代理有限公司,10000.0
房产销售/主管职位等你来战,杭州华邦房地产代理有限公司,8000.0
转行销售无责4000+师傅带教+提成高+晋升快,杭州华邦房地产代理有限公司,8000.0
2018，幸福是奋斗出来的,北京华兴汇河文化交流有限公司,3100.0
寻人启事/房产销售精英50名 有胆就来,北京华兴汇河文化交流有限公司,4100.0
销售实习生底薪4000+五险一金+协助住宿+出国旅游,北京华兴汇河文化交流有限公司,4000.0
转行销售无责4000+师傅带教+提成高+晋升快,杭州航悦广告策划有限公司,4500.0
给你无责底薪4000，你能否翘起高薪的大门,杭州华邦房地产代理有限公司,6000.0
销售实习生底薪4000+五险一金+协助住宿+出国旅游,杭州华邦房地产代理有限公司,6000.0
实习设计师,杭州华邦房地产代理有限公司,8000.0
销售员/业务员/销售代表/网络销售/助理/客服,杭州华邦房地产代理有限公司,6000.0
C鲜生活便利店急招营业员,杭州景江商务会展服务有限公司,3000.0
C连锁便利店招营业员可实习,杭州景江商务会展服务有限公司,5000.0
应届毕业生专招，无需经验（杭州）,杭州景江商务会展服务有限公司,3000.0
应届毕业生专招，无需经验（杭州）,杭州景江商务会展服务有限公司,3000.0
应届毕业生专招，无需经验（杭州）,杭州弗睿斯展览有限公司,6000.0
行政人事（杭州）,杭州樱熊网络科技有限公司,4000.0
经纪人助理,公司名,0
寻人启事/房产销售精英50名 有胆就来,杭州樱熊网络科技有限公司,4000.0
房产销售/主管职位等你来战,杭州樱熊网络科技有限公司,4000.0
销售实习生底薪4000+五险一金+协助住宿+出国旅游,杭州樱熊网络科技有限公司,4000.0
外籍模特管理,杭州樱熊网络科技有限公司,4000.0
房产销售/主管职位等你来战,杭州樱熊网络科技有限公司,4000.0
转行销售无责4000+师傅带教+提成高+晋升快,杭州樱熊网络科技有限公司,4000.0
房产销售/主管职位等你来战,杭州樱熊网络科技有限公司,4000.0
房产销售/主管职位等你来战,杭州华邦房地产代理有限公司,6000.0
销售实习生底薪4000+五险一金+协助住宿+出国旅游,杭州华邦房地产代理有限公司,6000.0
房产销售/主管职位等你来战,杭州华邦房地产代理有限公司,8000.0
房产销售/主管职位等你来战,杭州华邦房地产代理有限公司,8000.0
行政人事（杭州）,杭州华邦房地产代理有限公司,8000.0
销售（底薪4100+提成）（杭州）,杭州华邦房地产代理有限公司,8000.0
诚聘优秀应届毕业生+高底薪+高提成,杭州华邦房地产代理有限公司,6000.0
转行销售无责4000+师傅带教+提成高+晋升快,杭州华邦房地产代理有限公司,8000.0
舞台美术支持,杭州华邦房地产代理有限公司,6000.0
销售（底薪4100+提成）（杭州）,杭州华邦房地产代理有限公司,6000.0
应届毕业生专招，无需经验（杭州）,杭州华邦房地产代理有限公司,6000.0
应届毕业生专招，无需经验（杭州）,杭州华邦房地产代理有限公司,8000.0
网络主播直播在家可做,杭州华邦房地产代理有限公司,6000.0
网络主播网红直播,杭州正向标识系统有限公司,1500.0
网络主播才艺主播,杭州奥彩装饰设计有限公司,3000.0
主播经纪人星探,杭州华元广告策划有限公司,3000.0
销售（底薪4100+提成）（杭州）,杭州华元广告策划有限公司,4000.0
行政人事（杭州）,北京华兴汇河文化交流有限公司,4000.0
应届毕业生专招，无需经验（杭州）,北京华兴汇河文化交流有限公司,4000.0
小学英语老师,北京华兴汇河文化交流有限公司,4000.0
婚礼策划师/策划师助理,北京华兴汇河文化交流有限公司,3100.0
销售（底薪4100+提成）（杭州）,杭州星模文化策划有限公司,3000.0
应届毕业生专招，无需经验（杭州）,杭州华邦房地产代理有限公司,6000.0
行政人事（杭州）,杭州华邦房地产代理有限公司,8000.0
行政前台,杭州华邦房地产代理有限公司,6000.0
应届毕业生专招，无需经验（杭州）,杭州星模文化策划有限公司,3000.0
应届毕业生专招，无需经验（杭州）,杭州华邦房地产代理有限公司,8000.0
销售（底薪4100+提成）（杭州）,杭州华邦房地产代理有限公司,6000.0
w滨江售后接听客服社保双休5k+,杭州华邦房地产代理有限公司,8000.0
人力资源主管/专员,杭州华邦房地产代理有限公司,8000.0
转行销售无责4000+师傅带教+提成高+晋升快,杭州华邦房地产代理有限公司,6000.0
房产销售/主管职位等你来战,杭州华邦房地产代理有限公司,8000.0
销售实习生底薪4000+五险一金+协助住宿+出国旅游,杭州华邦房地产代理有限公司,8000.0
插画师,北京华兴汇河文化交流有限公司,3100.0
市场研究专员,北京华兴汇河文化交流有限公司,4100.0
文案助理,杭州华邦房地产代理有限公司,6000.0
出纳员,杭州华邦房地产代理有限公司,6000.0
平面设计,杭州乐易拍文化创意有限公司,5000.0
文员,北京华兴汇河文化交流有限公司,4100.0
行政前台,北京华兴汇河文化交流有限公司,4000.0
芭蕾舞老师,北京华兴汇河文化交流有限公司,4000.0
新媒体运营/文案编辑,中良科技集团浙江控股股份有限公司,10000.0
高底薪4000+高提成+季度晋升+带薪培训+协助住宿,中良科技集团浙江控股股份有限公司,5000.0
转行销售无责4000+师傅带教+提成高+晋升快,公司名,0
销售实习生底薪4000+五险一金+协助住宿+出国旅游,中良科技集团浙江控股股份有限公司,5000.0
转行销售无责4000+师傅带教+提成高+晋升快,中良科技集团浙江控股股份有限公司,8000.0
转行销售无责4000+师傅带教+提成高+晋升快,北京华兴汇河文化交流有限公司,4100.0
转行销售无责4000+师傅带教+提成高+晋升快,北京华兴汇河文化交流有限公司,3100.0
销售实习生底薪4000+五险一金+协助住宿+出国旅游,北京华兴汇河文化交流有限公司,4000.0
销售实习生底薪4000+五险一金+协助住宿+出国旅游,杭州闻思教育咨询有限公司,5000.0
房产销售/主管职位等你来战,杭州遇见爱可儿文化创意有限公司,4500.0
房产销售/主管职位等你来战,北京华兴汇河文化交流有限公司,4100.0
给你无责底薪4000，你能否翘起高薪的大门,北京华兴汇河文化交流有限公司,4000.0
网络主播,北京华兴汇河文化交流有限公司,3100.0
转行销售无责4000+师傅带教+提成高+晋升快,杭州焦点广告传播有限公司,3000.0
销售实习生底薪4000+五险一金+协助住宿+出国旅游,北京华兴汇河文化交流有限公司,4000.0
高薪精英销售+月入10000-15000+家门口上班+五险一金,北京华兴汇河文化交流有限公司,4000.0
给你无责底薪4000，你能否翘起高薪的大门,北京华兴汇河文化交流有限公司,4100.0
行政安全（支付宝）,杭州华元广告策划有限公司,6000.0
转行销售无责4000+师傅带教+提成高+晋升快,杭州爱乐艺术专修学校,4000.0
销售实习生底薪4000+五险一金+协助住宿+出国旅游,杭州华邦房地产代理有限公司,6000.0
房产销售/主管职位等你来战,杭州华邦房地产代理有限公司,8000.0
电子书编辑,杭州华邦房地产代理有限公司,6000.0
销售实习生底薪4000+五险一金+协助住宿+出国旅游,浙江美吖网络科技有限公司,3000.0
房产销售/主管职位等你来战,杭州互腾广告有限公司,3000.0
销售实习生底薪4000+五险一金+协助住宿+出国旅游,杭州互腾广告有限公司,4500.0
房产销售/主管职位等你来战,杭州国旺标识有限公司,3000.0
房产销售/主管职位等你来战,杭州国旺标识有限公司,4500.0
转行销售无责4000+师傅带教+提成高+晋升快,杭州国旺标识有限公司,3000.0
"2018,遇见更好的自己",杭州芭蕾瑞拉文化艺术有限公司,3000.0
转行销售无责4000+师傅带教+提成高+晋升快,杭州芭蕾瑞拉文化艺术有限公司,6000.0
销售实习生底薪4000+五险一金+协助住宿+出国旅游,浙江美吖网络科技有限公司,3000.0
IP仙侠大剧高薪招聘演员化妆艺人服装导演助理包,杭州华邦房地产代理有限公司,6000.0
转行销售无责4000+师傅带教+提成高+晋升快,杭州华邦房地产代理有限公司,6000.0
英雄请留步/华邦诚聘置业顾问+储备店长+五险一金,杭州华邦房地产代理有限公司,6000.0
销售实习生底薪4000+五险一金+协助住宿+出国旅游,杭州华邦房地产代理有限公司,6000.0
管理培训生（底薪4000+带薪培训+一对一带教）,杭州华邦房地产代理有限公司,6000.0
房产销售/主管职位等你来战,杭州华邦房地产代理有限公司,6000.0
销售工程师/网络销售/在线咨询,杭州华邦房地产代理有限公司,6000.0
销售实习生底薪4000+五险一金+协助住宿+出国旅游,杭州华邦房地产代理有限公司,6000.0
高底薪4000+高提成+季度晋升+带薪培训+协助住宿,杭州华邦房地产代理有限公司,8000.0
房产销售/主管职位等你来战,杭州华邦房地产代理有限公司,8000.0
行政人事（杭州）,杭州华邦房地产代理有限公司,8000.0
管理培训生（底薪4000+带薪培训+一对一带教）,杭州战鱼文化传播有限公司,8000.0
房产销售/主管职位等你来战,杭州华邦房地产代理有限公司,6000.0
房产销售/主管职位等你来战,杭州华邦房地产代理有限公司,6000.0
高底薪4000+高提成+季度晋升+带薪培训+协助住宿,杭州华邦房地产代理有限公司,10000.0
销售实习生底薪4000+五险一金+协助住宿+出国旅游,杭州华邦房地产代理有限公司,8000.0
高底薪4000+高提成+季度晋升+带薪培训+协助住宿,深圳特发商务有限公司,6000.0
2018，幸福是奋斗出来的,杭州华邦房地产代理有限公司,6000.0
房产销售/主管职位等你来战,杭州华邦房地产代理有限公司,6000.0
销售实习生底薪4000+五险一金+协助住宿+出国旅游,杭州华邦房地产代理有限公司,8000.0
销售实习生底薪4000+五险一金+协助住宿+出国旅游,杭州良瑞科技有限公司,3000.0
销售实习生底薪4000+五险一金+协助住宿+出国旅游,杭州华邦房地产代理有限公司,6000.0
高薪精英销售+月入10000-15000+家门口上班+五险一金,公司名,0
销售实习生底薪4000+五险一金+协助住宿+出国旅游,杭州华邦房地产代理有限公司,8000.0
医学编辑,杭州华邦房地产代理有限公司,6000.0
送票专员无责任3.5k+提成+6险1金+旅游+包住,杭州华邦房地产代理有限公司,8000.0
化妆助理一学徒有无经验均可,杭州华邦房地产代理有限公司,8000.0
招化妆学徒丨助理,杭州华邦房地产代理有限公司,6000.0
招化妆造型学徒无需基础,杭州华邦房地产代理有限公司,6000.0
高薪化妆学徒助理有无经验均可,杭州华邦房地产代理有限公司,6000.0
招化妆学徒学新娘妆,杭州华邦房地产代理有限公司,6000.0
招化妆师学徒提前预定名额,成都匠客儿文化传媒有限公司,6000.0
销售实习生底薪4000+五险一金+协助住宿+出国旅游,杭州华邦房地产代理有限公司,6000.0
房产销售/主管职位等你来战,杭州华邦房地产代理有限公司,8000.0
同城快递员无责任3.5k+提成+6险1金+旅游+包住,杭州华邦房地产代理有限公司,6000.0
寻人启事/房产销售精英50名 有胆就来,杭州华邦房地产代理有限公司,6000.0
高底薪4000+高提成+季度晋升+带薪培训+协助住宿,杭州华邦房地产代理有限公司,8000.0
给你无责底薪4000，你能否翘起高薪的大门,杭州怒蛙网络有限公司,4000.0
高薪精英销售+月入10000-15000+家门口上班+五险一金,杭州华邦房地产代理有限公司,6000.0
2018，遇见更好的自己,杭州华邦房地产代理有限公司,6000.0
英雄请留步/华邦诚聘置业顾问+储备店长+五险一金,杭州华邦房地产代理有限公司,8000.0
给你无责底薪4000，你能否翘起高薪的大门,北京华兴汇河文化交流有限公司,3100.0
转行销售无责4000+师傅带教+提成高+晋升快,杭州华邦房地产代理有限公司,6000.0
销售实习生底薪4000+五险一金+协助住宿+出国旅游,杭州华邦房地产代理有限公司,8000.0
管理培训生（底薪4000+带薪培训+一对一带教）,杭州华邦房地产代理有限公司,8000.0
房产销售/主管职位等你来战,杭州华邦房地产代理有限公司,6000.0
给你无责底薪4000，你能否翘起高薪的大门,杭州华邦房地产代理有限公司,6000.0
高底薪4000+高提成+季度晋升+带薪培训+协助住宿,杭州华邦房地产代理有限公司,6000.0
镖师无责任4000+提成+6险1金+旅游+包住,杭州华邦房地产代理有限公司,6000.0
签约喜剧演员（主播.空姐.秘书）,杭州华邦房地产代理有限公司,8000.0
平面设计（实习生）,杭州华邦房地产代理有限公司,6000.0
牛通社品牌策划实习生,杭州华邦房地产代理有限公司,6000.0
招模型/渲染/后期制作 学员,杭州华邦房地产代理有限公司,6000.0
招模型/渲染/后期制作 学员,杭州华邦房地产代理有限公司,10000.0
摄影摄像助理,杭州华邦房地产代理有限公司,6000.0
动漫-maya特效师（招应届生）,《预防医学》编辑部,4500.0
新款大码服装网拍模特,杭州安团会展服务有限公司,4000.0
***模特/买家秀,杭州摩可文化创意有限公司,3000.0
文案实习生,杭州摩可文化创意有限公司,3000.0
